region,arm,source_images,expected_not_deployed,psnr_db,lpips,dino,mse
primary,arithmetic_adaptive,100,False,19.669175090789796,0.1825800808167292,0.8872288244631555,0.014266854444024445
primary,lpips_0p01__conditioned,100,False,20.430095666249596,0.2398919133614335,0.7699322863005931,0.012431172945847113
primary,lpips_0p01__unconditioned,100,False,19.80959307246738,0.23257595298811792,0.7863177573846446,0.014884639057046213
primary,lpips_0p03__conditioned,100,False,20.316310963100857,0.22610516874947478,0.7811007077412474,0.01273016728738892
primary,lpips_0p03__unconditioned,100,False,19.772307256062827,0.22776614269655615,0.7879450983968047,0.014976289911363792
primary,lpips_0p1__conditioned,100,False,20.025555523766414,0.2171773068813814,0.7841345043314828,0.013538807538700187
primary,lpips_0p1__unconditioned,100,False,19.618886497285633,0.222728582713753,0.7893797396951251,0.015371399729758397
primary,perceptual_deepjscc,100,False,24.378339140150285,0.20529103238135576,0.5444265561033454,0.004834249438181852
primary,raw_adaptive,100,False,19.626653791003758,0.18376324321867696,0.8867425170871946,0.014373732655740979
mechanism,arithmetic_adaptive,100,False,21.237186455196806,0.1359682518036829,0.9238311811288198,0.009809671617555487
mechanism,lpips_0p01__conditioned,100,False,22.0801890595754,0.1942055413685739,0.8125393704573314,0.008104562738185956
mechanism,lpips_0p01__unconditioned,100,False,21.716407681571116,0.18888082525175476,0.8169885718160205,0.008845561131537479
mechanism,lpips_0p03__conditioned,100,False,21.944570176866318,0.18145328443083492,0.8228041734960344,0.008327468828906098
mechanism,lpips_0p03__unconditioned,100,False,21.657013094160288,0.18377324094374978,0.818730608622233,0.00895514166532343
mechanism,lpips_0p1__conditioned,100,False,21.603679933547973,0.17495591839568483,0.8230392080545424,0.008944755766941752
mechanism,lpips_0p1__unconditioned,100,False,21.433288054996066,0.17976189119120436,0.8199460991885927,0.009375421959686919
mechanism,perceptual_deepjscc,100,False,26.235347843170167,0.1451869116537273,0.7244522186120352,0.0033024742728586915
mechanism,raw_adaptive,100,False,21.219047507180107,0.13642074298113585,0.923171968128946,0.009854194063777987
high,arithmetic_adaptive,100,False,21.24372802734375,0.1358956206962466,0.9238587516546249,0.009799295991781858
high,lpips_0p01__conditioned,100,False,22.236193505922955,0.19008960955465834,0.8152090015014012,0.007832965483830775
high,lpips_0p01__unconditioned,100,False,21.889834971427916,0.1848724586796016,0.8194291312495866,0.008511569353189164
high,lpips_0p03__conditioned,100,False,22.096150541305548,0.17743208478825787,0.8252838020523389,0.008052720929069133
high,lpips_0p03__unconditioned,100,False,21.826971920331317,0.17975018459372216,0.8209909808635711,0.008623371948391044
high,lpips_0p1__conditioned,100,False,21.74521454811096,0.17148761557725567,0.8244967972238858,0.008663783525019729
high,lpips_0p1__unconditioned,100,False,21.592032564481105,0.17600077617603044,0.8206979430715243,0.009049203915249864
high,perceptual_deepjscc,100,False,26.67525975545248,0.13450951125162341,0.7589587097615005,0.0030084000629548363
high,raw_adaptive,100,False,21.24372802734375,0.1358956206962466,0.9238587516546249,0.009799295991781858
snr_1,arithmetic_adaptive,100,False,18.09179816881816,0.23448540014525257,0.8481807916363081,0.019318637064584518
snr_1,lpips_0p01__conditioned,100,False,18.10495442708333,0.30566107209771876,0.6986779746164876,0.019318978325075783
snr_1,lpips_0p01__unconditioned,100,False,17.07617758433024,0.29539632218579454,0.7372136597335337,0.024791615422970308
snr_1,lpips_0p03__conditioned,100,False,18.010454330444336,0.29000876131157083,0.7117720016588769,0.019745578419727586
snr_1,lpips_0p03__unconditioned,100,False,17.062560583750408,0.2908482357487083,0.7375322557985783,0.02485956858222683
snr_1,lpips_0p1__conditioned,100,False,17.765211884180705,0.27923211754610144,0.7152837677796682,0.020888369816044965
snr_1,lpips_0p1__unconditioned,100,False,16.98933837890625,0.2848285718013843,0.7339485987027485,0.02522684535942972
snr_1,perceptual_deepjscc,100,False,23.327992095947266,0.2508411285777887,0.4165823387292524,0.005929014118876415
snr_1,raw_adaptive,100,False,18.019461431503295,0.23666967991739515,0.8486799637476604,0.0195045016038109
snr_4,arithmetic_adaptive,100,False,19.691623792648315,0.17714132828637957,0.8897296416759491,0.013651503398386073
snr_4,lpips_0p01__conditioned,100,False,21.417152404785156,0.21157726299017668,0.8039187759160994,0.009326783265569247
snr_4,lpips_0p01__unconditioned,100,False,20.983048531214394,0.20543397838249802,0.809632159471512,0.01034875705993424
snr_4,lpips_0p03__conditioned,100,False,21.297069110870368,0.19881106122086442,0.8136852051814398,0.00956795881385915
snr_4,lpips_0p03__unconditioned,100,False,20.93726574261983,0.20063083869715526,0.8120931752522784,0.01045062005267634
snr_4,lpips_0p1__conditioned,100,False,20.99084398269654,0.1904072790654997,0.8169957154989242,0.010221352549269798
snr_4,lpips_0p1__unconditioned,100,False,20.75152207692464,0.19607305511832238,0.8157482089598974,0.010859495781284445
snr_4,perceptual_deepjscc,100,False,24.451501305898027,0.1984902561083436,0.5612580932676793,0.004683111503002737
snr_4,raw_adaptive,100,False,19.69081347465515,0.1771490621877213,0.8897491864363352,0.013652706155641793
snr_7,arithmetic_adaptive,100,False,21.224103310902912,0.13611351401855548,0.9237760400772095,0.009830422869102746
snr_7,lpips_0p01__conditioned,100,False,21.76818016688029,0.20243740499640506,0.8072001083691914,0.008647757246896313
snr_7,lpips_0p01__unconditioned,100,False,21.369553101857505,0.1968975583960613,0.8121074529488882,0.009513544688234106
snr_7,lpips_0p03__conditioned,100,False,21.641409447987876,0.18949568371598924,0.8178449163834255,0.008876964628580028
snr_7,lpips_0p03__unconditioned,100,False,21.31709544181824,0.19181935364380479,0.8142098641395569,0.009618681099188202
snr_7,lpips_0p1__conditioned,100,False,21.320610704422,0.1818925240325431,0.8201240297158559,0.009506700250785798
snr_7,lpips_0p1__unconditioned,100,False,21.115799036025997,0.18728412122155233,0.8184424114227294,0.010027858048561029
snr_7,perceptual_deepjscc,100,False,25.35552401860555,0.166541712457935,0.6554392363131046,0.0038906226926664015
snr_7,raw_adaptive,100,False,21.16968646685283,0.1374709875509143,0.9217984010775885,0.009963990207770241
snr_13,arithmetic_adaptive,100,False,21.24372802734375,0.1358956206962466,0.9238587516546249,0.009799295991781858
snr_13,lpips_0p01__conditioned,100,False,22.16840489705404,0.19185181125377615,0.813467181523641,0.007945000113686547
snr_13,lpips_0p01__unconditioned,100,False,21.813502009709673,0.1867239173874259,0.8179857909679411,0.008649880587084529
snr_13,lpips_0p03__conditioned,100,False,22.029494816462197,0.1791266079557439,0.8237636458873748,0.008166962786926888
snr_13,lpips_0p03__unconditioned,100,False,21.75145727793376,0.1815441796928644,0.819604192574819,0.008761416292594125
snr_13,lpips_0p1__conditioned,100,False,21.683758052190147,0.17299894681200384,0.82307257771492,0.008779083633756575
snr_13,lpips_0p1__unconditioned,100,False,21.523141657511392,0.17761392744878923,0.8196286406119665,0.009181903482531195
snr_13,perceptual_deepjscc,100,False,26.467272446950282,0.13864782078812518,0.7451532711088658,0.003124941118178051
snr_13,raw_adaptive,100,False,21.24372802734375,0.1358956206962466,0.9238587516546249,0.009799295991781858
snr_19,arithmetic_adaptive,100,False,21.24372802734375,0.1358956206962466,0.9238587516546249,0.009799295991781858
snr_19,lpips_0p01__conditioned,100,False,22.303982114791875,0.18832740785554056,0.8169508214791615,0.007720930853975004
snr_19,lpips_0p01__unconditioned,100,False,21.966167933146167,0.1830209999717772,0.8208724715312323,0.008373258119293799
snr_19,lpips_0p03__conditioned,100,False,22.162806266148888,0.17573756162077184,0.826803958217303,0.007938479071211382
snr_19,lpips_0p03__unconditioned,100,False,21.902486562728885,0.17795618949458003,0.8223777691523234,0.008485327604187963
snr_19,lpips_0p1__conditioned,100,False,21.806671044031777,0.1699762843425075,0.8259210167328517,0.008548483416282882
snr_19,lpips_0p1__unconditioned,100,False,21.6609234714508,0.17438762490327162,0.8217672455310822,0.008916504347968536
snr_19,perceptual_deepjscc,100,False,26.883247063954673,0.1303712017151217,0.7727641484141351,0.002891859007731621
snr_19,raw_adaptive,100,False,21.24372802734375,0.1358956206962466,0.9238587516546249,0.009799295991781858
