method,complex_uses,scope,source_images,timing_rows,TX_mean_ms,RX_mean_ms,TX_p95_ms,RX_p95_ms,single_method_peak_allocated_MiB,communication_parameters,NFE_mean,scope_note
raw_adaptive,3060,snr_1,32,96,9.34920740655798,61.84473273879121,9.499895997578278,63.01986125254189,,,0,sealed_previous_session_CPU_to_CPU; co-resident memory not attributed per model
arithmetic_adaptive,3060,snr_1,32,96,50.27269215679553,69.43852631199357,54.04388425449724,70.51228399723186,,,0,sealed_previous_session_CPU_to_CPU; co-resident memory not attributed per model
perceptual_deepjscc,3060,snr_1,32,96,2.265020113706366,3.0104638854027144,2.574731995991897,3.0409807441174053,,,0,sealed_previous_session_CPU_to_CPU; co-resident memory not attributed per model
wetok_r3,3060,snr_1,32,96,29.491109489905888,39.39851879249545,29.643606503668707,39.62968324412941,,,0,sealed_previous_session_CPU_to_CPU; co-resident memory not attributed per model
raw_adaptive,3060,snr_4,32,96,9.938155865559867,62.24130490727475,10.09134150808677,63.60544599738205,,,0,sealed_previous_session_CPU_to_CPU; co-resident memory not attributed per model
arithmetic_adaptive,3060,snr_4,32,96,58.476490708623416,73.93388886400012,59.65936350185075,75.1249069980986,,,0,sealed_previous_session_CPU_to_CPU; co-resident memory not attributed per model
perceptual_deepjscc,3060,snr_4,32,96,2.2688685007778986,3.0155705729460656,2.549538003222551,3.066653502173722,,,0,sealed_previous_session_CPU_to_CPU; co-resident memory not attributed per model
wetok_r3,3060,snr_4,32,96,29.472625719184485,39.43256531192674,29.60955925300368,39.555141247547,,,0,sealed_previous_session_CPU_to_CPU; co-resident memory not attributed per model
raw_adaptive,3060,snr_7,32,96,10.932851686902723,62.98878624966164,11.143522493512137,63.62926375368261,,,0,sealed_previous_session_CPU_to_CPU; co-resident memory not attributed per model
arithmetic_adaptive,3060,snr_7,32,96,72.0900549798292,81.7754940106473,73.24975775554776,82.98961275067995,,,0,sealed_previous_session_CPU_to_CPU; co-resident memory not attributed per model
perceptual_deepjscc,3060,snr_7,32,96,2.241594177273025,3.0439130003590735,2.530219757318264,3.0674907502543647,,,0,sealed_previous_session_CPU_to_CPU; co-resident memory not attributed per model
wetok_r3,3060,snr_7,32,96,29.493411156029957,39.38004303139071,29.650457996467594,39.61654500380973,,,0,sealed_previous_session_CPU_to_CPU; co-resident memory not attributed per model
raw_adaptive,3060,snr_13,32,96,10.95866275015093,62.82216754137456,11.294811745756306,63.93871349064284,,,0,sealed_previous_session_CPU_to_CPU; co-resident memory not attributed per model
arithmetic_adaptive,3060,snr_13,32,96,72.14920842625361,81.79239528029333,73.54321925595286,83.50786298979074,,,0,sealed_previous_session_CPU_to_CPU; co-resident memory not attributed per model
perceptual_deepjscc,3060,snr_13,32,96,2.252754802157142,3.0293549466478,2.5973617484851275,3.1234617417794652,,,0,sealed_previous_session_CPU_to_CPU; co-resident memory not attributed per model
wetok_r3,3060,snr_13,32,96,29.47815718759254,39.358894125143706,29.631352997967042,39.52465174734243,,,0,sealed_previous_session_CPU_to_CPU; co-resident memory not attributed per model
raw_adaptive,3060,snr_19,32,96,10.93511188476744,62.92385128199385,11.10872899153037,64.60728500314872,,,0,sealed_previous_session_CPU_to_CPU; co-resident memory not attributed per model
arithmetic_adaptive,3060,snr_19,32,96,72.41833522903107,82.35262882302172,73.79658525678678,83.89767399785342,,,0,sealed_previous_session_CPU_to_CPU; co-resident memory not attributed per model
perceptual_deepjscc,3060,snr_19,32,96,2.246409228519042,3.0201833545409804,2.5088780021178536,3.06057075431454,,,0,sealed_previous_session_CPU_to_CPU; co-resident memory not attributed per model
wetok_r3,3060,snr_19,32,96,29.485307905815716,39.366238354432426,29.63725000154227,39.63365849995171,,,0,sealed_previous_session_CPU_to_CPU; co-resident memory not attributed per model
raw_adaptive,3060,primary_1_4_7,32,288,10.07340498634019,62.3582746319092,11.023422191647114,63.522508401365485,,,0,sealed_previous_session_CPU_to_CPU; co-resident memory not attributed per model
arithmetic_adaptive,3060,primary_1_4_7,32,288,60.27974594841605,75.04930306221367,72.77994309479254,82.22911719421973,,,0,sealed_previous_session_CPU_to_CPU; co-resident memory not attributed per model
perceptual_deepjscc,3060,primary_1_4_7,32,288,2.258494263919096,3.0233158195692846,2.5521076036966406,3.0584513988287654,,,0,sealed_previous_session_CPU_to_CPU; co-resident memory not attributed per model
wetok_r3,3060,primary_1_4_7,32,288,29.485715455040108,39.40370904527097,29.633430545800366,39.61025165117462,,,0,sealed_previous_session_CPU_to_CPU; co-resident memory not attributed per model
raw_adaptive,3060,high_13_19,32,192,10.946887317459186,62.87300941168421,11.137507145031122,64.28183160314802,,,0,sealed_previous_session_CPU_to_CPU; co-resident memory not attributed per model
arithmetic_adaptive,3060,high_13_19,32,192,72.28377182764234,82.07251205165753,73.66289000492543,83.73648074557423,,,0,sealed_previous_session_CPU_to_CPU; co-resident memory not attributed per model
perceptual_deepjscc,3060,high_13_19,32,192,2.249582015338092,3.0247691505943903,2.5477325973042753,3.0819252009678166,,,0,sealed_previous_session_CPU_to_CPU; co-resident memory not attributed per model
wetok_r3,3060,high_13_19,32,192,29.481732546704126,39.362566239788066,29.638097202405334,39.59562069867388,,,0,sealed_previous_session_CPU_to_CPU; co-resident memory not attributed per model
adjscc_c2,4096,snr_1,100,300,3.481628693601427,24.171820512759343,3.5768167435890064,24.23823884455487,269.13134765625,15935028,0.0,current_author_FP32_batch1_CPU_to_CPU; load_IO_metrics_airtime_excluded
adjscc_c2,4096,snr_4,100,300,3.469141195625222,24.16983995984386,3.5543644640711136,24.23645955423126,269.13134765625,15935028,0.0,current_author_FP32_batch1_CPU_to_CPU; load_IO_metrics_airtime_excluded
adjscc_c2,4096,snr_7,100,300,3.4687722429710752,24.17074030546549,3.5549771520891227,24.24266954185441,269.13134765625,15935028,0.0,current_author_FP32_batch1_CPU_to_CPU; load_IO_metrics_airtime_excluded
adjscc_c2,4096,snr_13,100,300,3.464585255618052,24.170480722774908,3.5667970034410246,24.23165795771638,269.13134765625,15935028,0.0,current_author_FP32_batch1_CPU_to_CPU; load_IO_metrics_airtime_excluded
adjscc_c2,4096,snr_19,100,300,3.468721903821764,24.16976134622625,3.5591300707892515,24.24181696405867,269.13134765625,15935028,0.0,current_author_FP32_batch1_CPU_to_CPU; load_IO_metrics_airtime_excluded
adjscc_c2,4096,primary_1_4_7,100,900,3.4731807107325747,24.17080025935623,3.559886015136726,24.238655032240786,269.13134765625,15935028,0.0,current_author_FP32_batch1_CPU_to_CPU; load_IO_metrics_airtime_excluded
adjscc_c2,4096,high_13_19,100,600,3.466653579719908,24.17012103450058,3.5656867403304204,24.236792749434244,269.13134765625,15935028,0.0,current_author_FP32_batch1_CPU_to_CPU; load_IO_metrics_airtime_excluded
adjscc_c4,8192,snr_1,100,300,3.3136004401603714,24.248611566824064,3.4098969597835094,24.317908656666987,269.29150390625,15960644,0.0,current_author_FP32_batch1_CPU_to_CPU; load_IO_metrics_airtime_excluded
adjscc_c4,8192,snr_4,100,300,3.299991200134779,24.247620426273595,3.3884926146129146,24.311385076725855,269.29150390625,15960644,0.0,current_author_FP32_batch1_CPU_to_CPU; load_IO_metrics_airtime_excluded
adjscc_c4,8192,snr_7,100,300,3.315092381380964,24.255550473074738,3.4159249407821335,24.32149109808961,269.29150390625,15960644,0.0,current_author_FP32_batch1_CPU_to_CPU; load_IO_metrics_airtime_excluded
adjscc_c4,8192,snr_13,100,300,3.3049640408717096,24.247969947076246,3.3930196295841597,24.313680100021884,269.29150390625,15960644,0.0,current_author_FP32_batch1_CPU_to_CPU; load_IO_metrics_airtime_excluded
adjscc_c4,8192,snr_19,100,300,3.311235805255516,24.254507467655156,3.40675400220789,24.329318960371893,269.29150390625,15960644,0.0,current_author_FP32_batch1_CPU_to_CPU; load_IO_metrics_airtime_excluded
adjscc_c4,8192,primary_1_4_7,100,900,3.3095613405587048,24.2505941553908,3.4054148971335962,24.316003831336275,269.29150390625,15960644,0.0,current_author_FP32_batch1_CPU_to_CPU; load_IO_metrics_airtime_excluded
adjscc_c4,8192,high_13_19,100,600,3.308099923063613,24.2512387073657,3.403522314329166,24.325070763006806,269.29150390625,15960644,0.0,current_author_FP32_batch1_CPU_to_CPU; load_IO_metrics_airtime_excluded
adjscc_c6,12288,snr_1,100,300,3.3381636199192144,24.306361767230555,3.416964899224695,24.370656489918474,269.45166015625,15986268,0.0,current_author_FP32_batch1_CPU_to_CPU; load_IO_metrics_airtime_excluded
adjscc_c6,12288,snr_4,100,300,3.327563263689323,24.308558169383712,3.4265357680851594,24.37071438471321,269.45166015625,15986268,0.0,current_author_FP32_batch1_CPU_to_CPU; load_IO_metrics_airtime_excluded
adjscc_c6,12288,snr_7,100,300,3.334972030230953,24.305797165822394,3.413337546226103,24.370926697156392,269.45166015625,15986268,0.0,current_author_FP32_batch1_CPU_to_CPU; load_IO_metrics_airtime_excluded
adjscc_c6,12288,snr_13,100,300,3.336719635214346,24.30817258292033,3.4117773931939155,24.378897197311744,269.45166015625,15986268,0.0,current_author_FP32_batch1_CPU_to_CPU; load_IO_metrics_airtime_excluded
adjscc_c6,12288,snr_19,100,300,3.3274151606019586,24.30686468433123,3.412002256663982,24.37843045045156,269.45166015625,15986268,0.0,current_author_FP32_batch1_CPU_to_CPU; load_IO_metrics_airtime_excluded
adjscc_c6,12288,primary_1_4_7,100,900,3.3335663046131634,24.30690570081222,3.4168710524681956,24.370913486927748,269.45166015625,15986268,0.0,current_author_FP32_batch1_CPU_to_CPU; load_IO_metrics_airtime_excluded
adjscc_c6,12288,high_13_19,100,600,3.3320673979081525,24.30751863362578,3.411939856596291,24.378897197311744,269.45166015625,15986268,0.0,current_author_FP32_batch1_CPU_to_CPU; load_IO_metrics_airtime_excluded
swin_ra32,4498,snr_1,100,300,5.841707993143548,5.578569036345773,5.92258219840005,5.700044037075713,260.7373046875,33073488,0.0,current_author_FP32_batch1_CPU_to_CPU; load_IO_metrics_airtime_excluded
swin_ra32,4498,snr_4,100,300,5.830631459927342,5.572932576275586,5.930611400981434,5.678422043274622,260.7373046875,33073488,0.0,current_author_FP32_batch1_CPU_to_CPU; load_IO_metrics_airtime_excluded
swin_ra32,4498,snr_7,100,300,5.84157184571571,5.579217196888446,5.927474130294286,5.723214441968594,260.7373046875,33073488,0.0,current_author_FP32_batch1_CPU_to_CPU; load_IO_metrics_airtime_excluded
swin_ra32,4498,snr_13,100,300,5.836181558649211,5.581760172887395,5.928577197482809,5.697123259596992,260.7373046875,33073488,0.0,current_author_FP32_batch1_CPU_to_CPU; load_IO_metrics_airtime_excluded
swin_ra32,4498,snr_19,100,300,5.8402335695185075,5.5744417845077505,5.946316872723401,5.6919895083410665,260.7373046875,33073488,0.0,current_author_FP32_batch1_CPU_to_CPU; load_IO_metrics_airtime_excluded
swin_ra32,4498,primary_1_4_7,100,900,5.837970432928866,5.576906269836602,5.928046570625156,5.7000992659595795,260.7373046875,33073488,0.0,current_author_FP32_batch1_CPU_to_CPU; load_IO_metrics_airtime_excluded
swin_ra32,4498,high_13_19,100,600,5.838207564083859,5.578100978697573,5.93528453464387,5.694366374518722,260.7373046875,33073488,0.0,current_author_FP32_batch1_CPU_to_CPU; load_IO_metrics_airtime_excluded
swin_ra64,8754,snr_1,100,300,6.001052194042131,6.239983636575441,6.10974764713319,6.395046453690156,260.7998046875,33073488,0.0,current_author_FP32_batch1_CPU_to_CPU; load_IO_metrics_airtime_excluded
swin_ra64,8754,snr_4,100,300,6.003731462697033,6.239403484602614,6.1052238728734665,6.361722863221075,260.7998046875,33073488,0.0,current_author_FP32_batch1_CPU_to_CPU; load_IO_metrics_airtime_excluded
swin_ra64,8754,snr_7,100,300,6.004969019656225,6.2520108091606135,6.118131148105022,6.392166294972412,260.7998046875,33073488,0.0,current_author_FP32_batch1_CPU_to_CPU; load_IO_metrics_airtime_excluded
swin_ra64,8754,snr_13,100,300,6.03938634119307,6.27227662296112,6.173920289438684,6.424306750705,260.7998046875,33073488,0.0,current_author_FP32_batch1_CPU_to_CPU; load_IO_metrics_airtime_excluded
swin_ra64,8754,snr_19,100,300,6.005987549142446,6.2551317004060065,6.101206857420038,6.391137001628522,260.7998046875,33073488,0.0,current_author_FP32_batch1_CPU_to_CPU; load_IO_metrics_airtime_excluded
swin_ra64,8754,primary_1_4_7,100,900,6.003250892131796,6.243799310112889,6.112006399780512,6.391868145146873,260.7998046875,33073488,0.0,current_author_FP32_batch1_CPU_to_CPU; load_IO_metrics_airtime_excluded
swin_ra64,8754,high_13_19,100,600,6.0226869451677585,6.263704161683563,6.126582053548191,6.410804888582788,260.7998046875,33073488,0.0,current_author_FP32_batch1_CPU_to_CPU; load_IO_metrics_airtime_excluded
swin_ra96,12952,snr_1,100,300,6.198213936004322,7.353289040620439,6.320163718191907,7.502900900726672,260.8623046875,33073488,0.0,current_author_FP32_batch1_CPU_to_CPU; load_IO_metrics_airtime_excluded
swin_ra96,12952,snr_4,100,300,6.224927700532135,7.372514151114349,6.3495394511846825,7.565304625313729,260.8623046875,33073488,0.0,current_author_FP32_batch1_CPU_to_CPU; load_IO_metrics_airtime_excluded
swin_ra96,12952,snr_7,100,300,6.195345179585274,7.362637199694291,6.32098530913936,7.552321284310892,260.8623046875,33073488,0.0,current_author_FP32_batch1_CPU_to_CPU; load_IO_metrics_airtime_excluded
swin_ra96,12952,snr_13,100,300,6.189781830277449,7.353317682476093,6.293933966662735,7.526226654590573,260.8623046875,33073488,0.0,current_author_FP32_batch1_CPU_to_CPU; load_IO_metrics_airtime_excluded
swin_ra96,12952,snr_19,100,300,6.201812182650126,7.34923149003104,6.3162624996039085,7.527438497345429,260.8623046875,33073488,0.0,current_author_FP32_batch1_CPU_to_CPU; load_IO_metrics_airtime_excluded
swin_ra96,12952,primary_1_4_7,100,900,6.206162272040577,7.362813463809693,6.32863314676797,7.5411825033370405,260.8623046875,33073488,0.0,current_author_FP32_batch1_CPU_to_CPU; load_IO_metrics_airtime_excluded
swin_ra96,12952,high_13_19,100,600,6.1957970064637875,7.351274586253567,6.3089473464060575,7.526655097899493,260.8623046875,33073488,0.0,current_author_FP32_batch1_CPU_to_CPU; load_IO_metrics_airtime_excluded
arithmetic_adaptive_N4204,4204,snr_1,32,96,56.616619592811425,72.78771257460903,58.08616476133466,73.87078450119589,1871.943359375,0,0,VAE+VAR total parameters 419231875; single digital system resident; uncached CPU_to_CPU
arithmetic_adaptive_N4204,4204,snr_4,32,96,70.33120125106507,80.5278817300253,71.5522815080476,82.25642075558426,1871.943359375,0,0,VAE+VAR total parameters 419231875; single digital system resident; uncached CPU_to_CPU
arithmetic_adaptive_N4204,4204,snr_7,32,96,70.45225223100715,80.55867801097823,72.50422375363996,82.27455025917152,1871.943359375,0,0,VAE+VAR total parameters 419231875; single digital system resident; uncached CPU_to_CPU
arithmetic_adaptive_N4204,4204,snr_13,32,96,70.31461998849409,80.54672475100233,71.68517024547327,81.98932250525104,1871.943359375,0,0,VAE+VAR total parameters 419231875; single digital system resident; uncached CPU_to_CPU
arithmetic_adaptive_N4204,4204,snr_19,32,96,70.32373423893053,80.53660457244405,71.51733250066172,82.50280450010905,1871.943359375,0,0,VAE+VAR total parameters 419231875; single digital system resident; uncached CPU_to_CPU
arithmetic_adaptive_N4204,4204,primary_1_4_7,32,288,65.80002435829455,77.95809077187086,72.02055500383722,82.06095290661324,1871.943359375,0,0,VAE+VAR total parameters 419231875; single digital system resident; uncached CPU_to_CPU
arithmetic_adaptive_N4204,4204,high_13_19,32,192,70.31917711371231,80.54166466172319,71.66986669471953,82.4239340116037,1871.943359375,0,0,VAE+VAR total parameters 419231875; single digital system resident; uncached CPU_to_CPU
arithmetic_adaptive_N4498,4498,snr_1,32,96,56.69105666584073,72.80229424244074,58.00160024227807,74.36785975005478,1871.943359375,0,0,VAE+VAR total parameters 419231875; single digital system resident; uncached CPU_to_CPU
arithmetic_adaptive_N4498,4498,snr_4,32,96,70.41442765603279,80.8609888117644,71.76606875873404,83.21860825526528,1871.943359375,0,0,VAE+VAR total parameters 419231875; single digital system resident; uncached CPU_to_CPU
arithmetic_adaptive_N4498,4498,snr_7,32,96,70.47507465661813,80.7131781997062,72.16768000944285,82.76393199776066,1871.943359375,0,0,VAE+VAR total parameters 419231875; single digital system resident; uncached CPU_to_CPU
arithmetic_adaptive_N4498,4498,snr_13,32,96,70.29892847882972,80.51721726254375,71.48293624049984,82.27858073951211,1871.943359375,0,0,VAE+VAR total parameters 419231875; single digital system resident; uncached CPU_to_CPU
arithmetic_adaptive_N4498,4498,snr_19,32,96,70.38094490659812,80.52940631265908,71.54853374231607,82.02646074641962,1871.943359375,0,0,VAE+VAR total parameters 419231875; single digital system resident; uncached CPU_to_CPU
arithmetic_adaptive_N4498,4498,primary_1_4_7,32,288,65.86018632616388,78.12548708463711,71.77510645851726,82.7096096065361,1871.943359375,0,0,VAE+VAR total parameters 419231875; single digital system resident; uncached CPU_to_CPU
arithmetic_adaptive_N4498,4498,high_13_19,32,192,70.33993669271392,80.52331178760141,71.57582154031843,82.21189180330839,1871.943359375,0,0,VAE+VAR total parameters 419231875; single digital system resident; uncached CPU_to_CPU
raw_adaptive_N4204,4204,snr_1,32,96,9.829780478260849,59.26824477107099,9.917786504956894,60.009388253092766,1871.97705078125,0,0,VAE+VAR total parameters 419231875; single digital system resident; uncached CPU_to_CPU
raw_adaptive_N4204,4204,snr_4,32,96,10.812970844805628,59.79845977132451,10.952200005704071,60.405863252526615,1871.97705078125,0,0,VAE+VAR total parameters 419231875; single digital system resident; uncached CPU_to_CPU
raw_adaptive_N4204,4204,snr_7,32,96,10.808191325243873,59.868243791243,10.944594490865711,60.5060535017401,1871.97705078125,0,0,VAE+VAR total parameters 419231875; single digital system resident; uncached CPU_to_CPU
raw_adaptive_N4204,4204,snr_13,32,96,10.803739034599857,59.86425513431944,10.921940513071604,60.49719100701623,1871.97705078125,0,0,VAE+VAR total parameters 419231875; single digital system resident; uncached CPU_to_CPU
raw_adaptive_N4204,4204,snr_19,32,96,10.805262166589577,59.81469481260623,10.922717243374791,60.47520426363917,1871.97705078125,0,0,VAE+VAR total parameters 419231875; single digital system resident; uncached CPU_to_CPU
raw_adaptive_N4204,4204,primary_1_4_7,32,288,10.483647549436784,59.644982777879505,10.937291399750393,60.38087175547844,1871.97705078125,0,0,VAE+VAR total parameters 419231875; single digital system resident; uncached CPU_to_CPU
raw_adaptive_N4204,4204,high_13_19,32,192,10.804500600594716,59.839474973462835,10.922070514061488,60.50439180689864,1871.97705078125,0,0,VAE+VAR total parameters 419231875; single digital system resident; uncached CPU_to_CPU
raw_adaptive_N4498,4498,snr_1,32,96,9.828298289600449,59.20371546047439,9.913033747579902,60.24893249559682,1871.97705078125,0,0,VAE+VAR total parameters 419231875; single digital system resident; uncached CPU_to_CPU
raw_adaptive_N4498,4498,snr_4,32,96,10.802442602046844,59.82461626384369,10.933006007689983,60.300442259176634,1871.97705078125,0,0,VAE+VAR total parameters 419231875; single digital system resident; uncached CPU_to_CPU
raw_adaptive_N4498,4498,snr_7,32,96,10.81323949953609,59.893760843806376,10.958775761537254,60.775528494559694,1871.97705078125,0,0,VAE+VAR total parameters 419231875; single digital system resident; uncached CPU_to_CPU
raw_adaptive_N4498,4498,snr_13,32,96,10.803041520072535,59.8697722198267,10.927063740382437,60.479873267468065,1871.97705078125,0,0,VAE+VAR total parameters 419231875; single digital system resident; uncached CPU_to_CPU
raw_adaptive_N4498,4498,snr_19,32,96,10.81123862604727,59.85770361409474,10.923829751845915,60.69920626759995,1871.97705078125,0,0,VAE+VAR total parameters 419231875; single digital system resident; uncached CPU_to_CPU
raw_adaptive_N4498,4498,primary_1_4_7,32,288,10.481326797061127,59.64069752270815,10.937698499765247,60.46021490910789,1871.97705078125,0,0,VAE+VAR total parameters 419231875; single digital system resident; uncached CPU_to_CPU
raw_adaptive_N4498,4498,high_13_19,32,192,10.807140073059903,59.86373791696072,10.926596338686068,60.643868951592594,1871.97705078125,0,0,VAE+VAR total parameters 419231875; single digital system resident; uncached CPU_to_CPU
