method,snr_db,frames,header_ok_failure_count,body_crc_ok_failure_count,source_overflow_erasure,table_sha256
token-efficiency-digital-v1/arithmetic/QPSK/N2048/m10,1,3000,0,3000,0,22333be91c39b276d3b1777bddf164135a692082a69fd4a50d8d6b7f501ed00c
token-efficiency-digital-v1/arithmetic/QPSK/N2048/m10,4,3000,0,2279,0,22333be91c39b276d3b1777bddf164135a692082a69fd4a50d8d6b7f501ed00c
token-efficiency-digital-v1/arithmetic/QPSK/N2048/m10,7,3000,0,676,0,22333be91c39b276d3b1777bddf164135a692082a69fd4a50d8d6b7f501ed00c
token-efficiency-digital-v1/arithmetic/QPSK/N2048/m10,13,3000,0,0,0,22333be91c39b276d3b1777bddf164135a692082a69fd4a50d8d6b7f501ed00c
token-efficiency-digital-v1/arithmetic/QPSK/N2048/m10,19,3000,0,0,0,22333be91c39b276d3b1777bddf164135a692082a69fd4a50d8d6b7f501ed00c
token-efficiency-digital-v1/arithmetic/QPSK/N2048/m6,1,3000,0,6,0,22333be91c39b276d3b1777bddf164135a692082a69fd4a50d8d6b7f501ed00c
token-efficiency-digital-v1/arithmetic/QPSK/N2048/m6,4,3000,0,0,0,22333be91c39b276d3b1777bddf164135a692082a69fd4a50d8d6b7f501ed00c
token-efficiency-digital-v1/arithmetic/QPSK/N2048/m6,7,3000,0,0,0,22333be91c39b276d3b1777bddf164135a692082a69fd4a50d8d6b7f501ed00c
token-efficiency-digital-v1/arithmetic/QPSK/N2048/m6,13,3000,0,0,0,22333be91c39b276d3b1777bddf164135a692082a69fd4a50d8d6b7f501ed00c
token-efficiency-digital-v1/arithmetic/QPSK/N2048/m6,19,3000,0,0,0,22333be91c39b276d3b1777bddf164135a692082a69fd4a50d8d6b7f501ed00c
token-efficiency-digital-v1/arithmetic/QPSK/N2048/m7,1,3000,0,2241,0,22333be91c39b276d3b1777bddf164135a692082a69fd4a50d8d6b7f501ed00c
token-efficiency-digital-v1/arithmetic/QPSK/N2048/m7,4,3000,0,0,0,22333be91c39b276d3b1777bddf164135a692082a69fd4a50d8d6b7f501ed00c
token-efficiency-digital-v1/arithmetic/QPSK/N2048/m7,7,3000,0,0,0,22333be91c39b276d3b1777bddf164135a692082a69fd4a50d8d6b7f501ed00c
token-efficiency-digital-v1/arithmetic/QPSK/N2048/m7,13,3000,0,0,0,22333be91c39b276d3b1777bddf164135a692082a69fd4a50d8d6b7f501ed00c
token-efficiency-digital-v1/arithmetic/QPSK/N2048/m7,19,3000,0,0,0,22333be91c39b276d3b1777bddf164135a692082a69fd4a50d8d6b7f501ed00c
token-efficiency-digital-v1/arithmetic/QPSK/N2048/m8,1,3000,0,2997,0,22333be91c39b276d3b1777bddf164135a692082a69fd4a50d8d6b7f501ed00c
token-efficiency-digital-v1/arithmetic/QPSK/N2048/m8,4,3000,0,1604,0,22333be91c39b276d3b1777bddf164135a692082a69fd4a50d8d6b7f501ed00c
token-efficiency-digital-v1/arithmetic/QPSK/N2048/m8,7,3000,0,0,0,22333be91c39b276d3b1777bddf164135a692082a69fd4a50d8d6b7f501ed00c
token-efficiency-digital-v1/arithmetic/QPSK/N2048/m8,13,3000,0,0,0,22333be91c39b276d3b1777bddf164135a692082a69fd4a50d8d6b7f501ed00c
token-efficiency-digital-v1/arithmetic/QPSK/N2048/m8,19,3000,0,0,0,22333be91c39b276d3b1777bddf164135a692082a69fd4a50d8d6b7f501ed00c
token-efficiency-digital-v1/arithmetic/QPSK/N2048/m9,1,3000,0,3000,0,22333be91c39b276d3b1777bddf164135a692082a69fd4a50d8d6b7f501ed00c
token-efficiency-digital-v1/arithmetic/QPSK/N2048/m9,4,3000,0,2279,0,22333be91c39b276d3b1777bddf164135a692082a69fd4a50d8d6b7f501ed00c
token-efficiency-digital-v1/arithmetic/QPSK/N2048/m9,7,3000,0,673,0,22333be91c39b276d3b1777bddf164135a692082a69fd4a50d8d6b7f501ed00c
token-efficiency-digital-v1/arithmetic/QPSK/N2048/m9,13,3000,0,0,0,22333be91c39b276d3b1777bddf164135a692082a69fd4a50d8d6b7f501ed00c
token-efficiency-digital-v1/arithmetic/QPSK/N2048/m9,19,3000,0,0,0,22333be91c39b276d3b1777bddf164135a692082a69fd4a50d8d6b7f501ed00c
token-efficiency-digital-v1/arithmetic/QPSK/N3060/m10,1,3000,0,3000,0,22333be91c39b276d3b1777bddf164135a692082a69fd4a50d8d6b7f501ed00c
token-efficiency-digital-v1/arithmetic/QPSK/N3060/m10,4,3000,0,2913,0,22333be91c39b276d3b1777bddf164135a692082a69fd4a50d8d6b7f501ed00c
token-efficiency-digital-v1/arithmetic/QPSK/N3060/m10,7,3000,0,979,0,22333be91c39b276d3b1777bddf164135a692082a69fd4a50d8d6b7f501ed00c
token-efficiency-digital-v1/arithmetic/QPSK/N3060/m10,13,3000,0,0,0,22333be91c39b276d3b1777bddf164135a692082a69fd4a50d8d6b7f501ed00c
token-efficiency-digital-v1/arithmetic/QPSK/N3060/m10,19,3000,0,0,0,22333be91c39b276d3b1777bddf164135a692082a69fd4a50d8d6b7f501ed00c
token-efficiency-digital-v1/arithmetic/QPSK/N3060/m6,1,3000,0,0,0,22333be91c39b276d3b1777bddf164135a692082a69fd4a50d8d6b7f501ed00c
token-efficiency-digital-v1/arithmetic/QPSK/N3060/m6,4,3000,0,0,0,22333be91c39b276d3b1777bddf164135a692082a69fd4a50d8d6b7f501ed00c
token-efficiency-digital-v1/arithmetic/QPSK/N3060/m6,7,3000,0,0,0,22333be91c39b276d3b1777bddf164135a692082a69fd4a50d8d6b7f501ed00c
token-efficiency-digital-v1/arithmetic/QPSK/N3060/m6,13,3000,0,0,0,22333be91c39b276d3b1777bddf164135a692082a69fd4a50d8d6b7f501ed00c
token-efficiency-digital-v1/arithmetic/QPSK/N3060/m6,19,3000,0,0,0,22333be91c39b276d3b1777bddf164135a692082a69fd4a50d8d6b7f501ed00c
token-efficiency-digital-v1/arithmetic/QPSK/N3060/m7,1,3000,1,62,0,22333be91c39b276d3b1777bddf164135a692082a69fd4a50d8d6b7f501ed00c
token-efficiency-digital-v1/arithmetic/QPSK/N3060/m7,4,3000,0,0,0,22333be91c39b276d3b1777bddf164135a692082a69fd4a50d8d6b7f501ed00c
token-efficiency-digital-v1/arithmetic/QPSK/N3060/m7,7,3000,0,0,0,22333be91c39b276d3b1777bddf164135a692082a69fd4a50d8d6b7f501ed00c
token-efficiency-digital-v1/arithmetic/QPSK/N3060/m7,13,3000,0,0,0,22333be91c39b276d3b1777bddf164135a692082a69fd4a50d8d6b7f501ed00c
token-efficiency-digital-v1/arithmetic/QPSK/N3060/m7,19,3000,0,0,0,22333be91c39b276d3b1777bddf164135a692082a69fd4a50d8d6b7f501ed00c
token-efficiency-digital-v1/arithmetic/QPSK/N3060/m8,1,3000,0,2782,0,22333be91c39b276d3b1777bddf164135a692082a69fd4a50d8d6b7f501ed00c
token-efficiency-digital-v1/arithmetic/QPSK/N3060/m8,4,3000,0,8,0,22333be91c39b276d3b1777bddf164135a692082a69fd4a50d8d6b7f501ed00c
token-efficiency-digital-v1/arithmetic/QPSK/N3060/m8,7,3000,0,0,0,22333be91c39b276d3b1777bddf164135a692082a69fd4a50d8d6b7f501ed00c
token-efficiency-digital-v1/arithmetic/QPSK/N3060/m8,13,3000,0,0,0,22333be91c39b276d3b1777bddf164135a692082a69fd4a50d8d6b7f501ed00c
token-efficiency-digital-v1/arithmetic/QPSK/N3060/m8,19,3000,0,0,0,22333be91c39b276d3b1777bddf164135a692082a69fd4a50d8d6b7f501ed00c
token-efficiency-digital-v1/arithmetic/QPSK/N3060/m9,1,3000,0,2999,0,22333be91c39b276d3b1777bddf164135a692082a69fd4a50d8d6b7f501ed00c
token-efficiency-digital-v1/arithmetic/QPSK/N3060/m9,4,3000,0,2431,0,22333be91c39b276d3b1777bddf164135a692082a69fd4a50d8d6b7f501ed00c
token-efficiency-digital-v1/arithmetic/QPSK/N3060/m9,7,3000,0,15,0,22333be91c39b276d3b1777bddf164135a692082a69fd4a50d8d6b7f501ed00c
token-efficiency-digital-v1/arithmetic/QPSK/N3060/m9,13,3000,0,0,0,22333be91c39b276d3b1777bddf164135a692082a69fd4a50d8d6b7f501ed00c
token-efficiency-digital-v1/arithmetic/QPSK/N3060/m9,19,3000,0,0,0,22333be91c39b276d3b1777bddf164135a692082a69fd4a50d8d6b7f501ed00c
token-efficiency-digital-v1/arithmetic/QPSK/N4084/m10,1,3000,2,3000,0,22333be91c39b276d3b1777bddf164135a692082a69fd4a50d8d6b7f501ed00c
token-efficiency-digital-v1/arithmetic/QPSK/N4084/m10,4,3000,0,2891,0,22333be91c39b276d3b1777bddf164135a692082a69fd4a50d8d6b7f501ed00c
token-efficiency-digital-v1/arithmetic/QPSK/N4084/m10,7,3000,0,446,0,22333be91c39b276d3b1777bddf164135a692082a69fd4a50d8d6b7f501ed00c
token-efficiency-digital-v1/arithmetic/QPSK/N4084/m10,13,3000,0,0,0,22333be91c39b276d3b1777bddf164135a692082a69fd4a50d8d6b7f501ed00c
token-efficiency-digital-v1/arithmetic/QPSK/N4084/m10,19,3000,0,0,0,22333be91c39b276d3b1777bddf164135a692082a69fd4a50d8d6b7f501ed00c
token-efficiency-digital-v1/arithmetic/QPSK/N4084/m6,1,3000,0,0,0,22333be91c39b276d3b1777bddf164135a692082a69fd4a50d8d6b7f501ed00c
token-efficiency-digital-v1/arithmetic/QPSK/N4084/m6,4,3000,0,0,0,22333be91c39b276d3b1777bddf164135a692082a69fd4a50d8d6b7f501ed00c
token-efficiency-digital-v1/arithmetic/QPSK/N4084/m6,7,3000,0,0,0,22333be91c39b276d3b1777bddf164135a692082a69fd4a50d8d6b7f501ed00c
token-efficiency-digital-v1/arithmetic/QPSK/N4084/m6,13,3000,0,0,0,22333be91c39b276d3b1777bddf164135a692082a69fd4a50d8d6b7f501ed00c
token-efficiency-digital-v1/arithmetic/QPSK/N4084/m6,19,3000,0,0,0,22333be91c39b276d3b1777bddf164135a692082a69fd4a50d8d6b7f501ed00c
token-efficiency-digital-v1/arithmetic/QPSK/N4084/m7,1,3000,1,1,0,22333be91c39b276d3b1777bddf164135a692082a69fd4a50d8d6b7f501ed00c
token-efficiency-digital-v1/arithmetic/QPSK/N4084/m7,4,3000,0,0,0,22333be91c39b276d3b1777bddf164135a692082a69fd4a50d8d6b7f501ed00c
token-efficiency-digital-v1/arithmetic/QPSK/N4084/m7,7,3000,0,0,0,22333be91c39b276d3b1777bddf164135a692082a69fd4a50d8d6b7f501ed00c
token-efficiency-digital-v1/arithmetic/QPSK/N4084/m7,13,3000,0,0,0,22333be91c39b276d3b1777bddf164135a692082a69fd4a50d8d6b7f501ed00c
token-efficiency-digital-v1/arithmetic/QPSK/N4084/m7,19,3000,0,0,0,22333be91c39b276d3b1777bddf164135a692082a69fd4a50d8d6b7f501ed00c
token-efficiency-digital-v1/arithmetic/QPSK/N4084/m8,1,3000,1,731,0,22333be91c39b276d3b1777bddf164135a692082a69fd4a50d8d6b7f501ed00c
token-efficiency-digital-v1/arithmetic/QPSK/N4084/m8,4,3000,0,0,0,22333be91c39b276d3b1777bddf164135a692082a69fd4a50d8d6b7f501ed00c
token-efficiency-digital-v1/arithmetic/QPSK/N4084/m8,7,3000,0,0,0,22333be91c39b276d3b1777bddf164135a692082a69fd4a50d8d6b7f501ed00c
token-efficiency-digital-v1/arithmetic/QPSK/N4084/m8,13,3000,0,0,0,22333be91c39b276d3b1777bddf164135a692082a69fd4a50d8d6b7f501ed00c
token-efficiency-digital-v1/arithmetic/QPSK/N4084/m8,19,3000,0,0,0,22333be91c39b276d3b1777bddf164135a692082a69fd4a50d8d6b7f501ed00c
token-efficiency-digital-v1/arithmetic/QPSK/N4084/m9,1,3000,0,2977,0,22333be91c39b276d3b1777bddf164135a692082a69fd4a50d8d6b7f501ed00c
token-efficiency-digital-v1/arithmetic/QPSK/N4084/m9,4,3000,0,110,0,22333be91c39b276d3b1777bddf164135a692082a69fd4a50d8d6b7f501ed00c
token-efficiency-digital-v1/arithmetic/QPSK/N4084/m9,7,3000,0,0,0,22333be91c39b276d3b1777bddf164135a692082a69fd4a50d8d6b7f501ed00c
token-efficiency-digital-v1/arithmetic/QPSK/N4084/m9,13,3000,0,0,0,22333be91c39b276d3b1777bddf164135a692082a69fd4a50d8d6b7f501ed00c
token-efficiency-digital-v1/arithmetic/QPSK/N4084/m9,19,3000,0,0,0,22333be91c39b276d3b1777bddf164135a692082a69fd4a50d8d6b7f501ed00c
token-efficiency-digital-v1/raw/QPSK/N2048/m6,1,3000,0,91,0,22333be91c39b276d3b1777bddf164135a692082a69fd4a50d8d6b7f501ed00c
token-efficiency-digital-v1/raw/QPSK/N2048/m6,4,3000,0,0,0,22333be91c39b276d3b1777bddf164135a692082a69fd4a50d8d6b7f501ed00c
token-efficiency-digital-v1/raw/QPSK/N2048/m6,7,3000,0,0,0,22333be91c39b276d3b1777bddf164135a692082a69fd4a50d8d6b7f501ed00c
token-efficiency-digital-v1/raw/QPSK/N2048/m6,13,3000,0,0,0,22333be91c39b276d3b1777bddf164135a692082a69fd4a50d8d6b7f501ed00c
token-efficiency-digital-v1/raw/QPSK/N2048/m6,19,3000,0,0,0,22333be91c39b276d3b1777bddf164135a692082a69fd4a50d8d6b7f501ed00c
token-efficiency-digital-v1/raw/QPSK/N2048/m7,1,3000,0,2983,0,22333be91c39b276d3b1777bddf164135a692082a69fd4a50d8d6b7f501ed00c
token-efficiency-digital-v1/raw/QPSK/N2048/m7,4,3000,0,8,0,22333be91c39b276d3b1777bddf164135a692082a69fd4a50d8d6b7f501ed00c
token-efficiency-digital-v1/raw/QPSK/N2048/m7,7,3000,0,0,0,22333be91c39b276d3b1777bddf164135a692082a69fd4a50d8d6b7f501ed00c
token-efficiency-digital-v1/raw/QPSK/N2048/m7,13,3000,0,0,0,22333be91c39b276d3b1777bddf164135a692082a69fd4a50d8d6b7f501ed00c
token-efficiency-digital-v1/raw/QPSK/N2048/m7,19,3000,0,0,0,22333be91c39b276d3b1777bddf164135a692082a69fd4a50d8d6b7f501ed00c
token-efficiency-digital-v1/raw/QPSK/N2048/m8,1,3000,1,3000,0,22333be91c39b276d3b1777bddf164135a692082a69fd4a50d8d6b7f501ed00c
token-efficiency-digital-v1/raw/QPSK/N2048/m8,4,3000,0,3000,0,22333be91c39b276d3b1777bddf164135a692082a69fd4a50d8d6b7f501ed00c
token-efficiency-digital-v1/raw/QPSK/N2048/m8,7,3000,0,135,0,22333be91c39b276d3b1777bddf164135a692082a69fd4a50d8d6b7f501ed00c
token-efficiency-digital-v1/raw/QPSK/N2048/m8,13,3000,0,0,0,22333be91c39b276d3b1777bddf164135a692082a69fd4a50d8d6b7f501ed00c
token-efficiency-digital-v1/raw/QPSK/N2048/m8,19,3000,0,0,0,22333be91c39b276d3b1777bddf164135a692082a69fd4a50d8d6b7f501ed00c
token-efficiency-digital-v1/raw/QPSK/N3060/m6,1,3000,1,1,0,22333be91c39b276d3b1777bddf164135a692082a69fd4a50d8d6b7f501ed00c
token-efficiency-digital-v1/raw/QPSK/N3060/m6,4,3000,0,0,0,22333be91c39b276d3b1777bddf164135a692082a69fd4a50d8d6b7f501ed00c
token-efficiency-digital-v1/raw/QPSK/N3060/m6,7,3000,0,0,0,22333be91c39b276d3b1777bddf164135a692082a69fd4a50d8d6b7f501ed00c
token-efficiency-digital-v1/raw/QPSK/N3060/m6,13,3000,0,0,0,22333be91c39b276d3b1777bddf164135a692082a69fd4a50d8d6b7f501ed00c
token-efficiency-digital-v1/raw/QPSK/N3060/m6,19,3000,0,0,0,22333be91c39b276d3b1777bddf164135a692082a69fd4a50d8d6b7f501ed00c
token-efficiency-digital-v1/raw/QPSK/N3060/m7,1,3000,0,538,0,22333be91c39b276d3b1777bddf164135a692082a69fd4a50d8d6b7f501ed00c
token-efficiency-digital-v1/raw/QPSK/N3060/m7,4,3000,0,0,0,22333be91c39b276d3b1777bddf164135a692082a69fd4a50d8d6b7f501ed00c
token-efficiency-digital-v1/raw/QPSK/N3060/m7,7,3000,0,0,0,22333be91c39b276d3b1777bddf164135a692082a69fd4a50d8d6b7f501ed00c
token-efficiency-digital-v1/raw/QPSK/N3060/m7,13,3000,0,0,0,22333be91c39b276d3b1777bddf164135a692082a69fd4a50d8d6b7f501ed00c
token-efficiency-digital-v1/raw/QPSK/N3060/m7,19,3000,0,0,0,22333be91c39b276d3b1777bddf164135a692082a69fd4a50d8d6b7f501ed00c
token-efficiency-digital-v1/raw/QPSK/N3060/m8,1,3000,1,3000,0,22333be91c39b276d3b1777bddf164135a692082a69fd4a50d8d6b7f501ed00c
token-efficiency-digital-v1/raw/QPSK/N3060/m8,4,3000,0,58,0,22333be91c39b276d3b1777bddf164135a692082a69fd4a50d8d6b7f501ed00c
token-efficiency-digital-v1/raw/QPSK/N3060/m8,7,3000,0,0,0,22333be91c39b276d3b1777bddf164135a692082a69fd4a50d8d6b7f501ed00c
token-efficiency-digital-v1/raw/QPSK/N3060/m8,13,3000,0,0,0,22333be91c39b276d3b1777bddf164135a692082a69fd4a50d8d6b7f501ed00c
token-efficiency-digital-v1/raw/QPSK/N3060/m8,19,3000,0,0,0,22333be91c39b276d3b1777bddf164135a692082a69fd4a50d8d6b7f501ed00c
token-efficiency-digital-v1/raw/QPSK/N3060/m9,1,3000,1,3000,0,22333be91c39b276d3b1777bddf164135a692082a69fd4a50d8d6b7f501ed00c
token-efficiency-digital-v1/raw/QPSK/N3060/m9,4,3000,0,3000,0,22333be91c39b276d3b1777bddf164135a692082a69fd4a50d8d6b7f501ed00c
token-efficiency-digital-v1/raw/QPSK/N3060/m9,7,3000,0,990,0,22333be91c39b276d3b1777bddf164135a692082a69fd4a50d8d6b7f501ed00c
token-efficiency-digital-v1/raw/QPSK/N3060/m9,13,3000,0,0,0,22333be91c39b276d3b1777bddf164135a692082a69fd4a50d8d6b7f501ed00c
token-efficiency-digital-v1/raw/QPSK/N3060/m9,19,3000,0,0,0,22333be91c39b276d3b1777bddf164135a692082a69fd4a50d8d6b7f501ed00c
token-efficiency-digital-v1/raw/QPSK/N4084/m6,1,3000,0,0,0,22333be91c39b276d3b1777bddf164135a692082a69fd4a50d8d6b7f501ed00c
token-efficiency-digital-v1/raw/QPSK/N4084/m6,4,3000,0,0,0,22333be91c39b276d3b1777bddf164135a692082a69fd4a50d8d6b7f501ed00c
token-efficiency-digital-v1/raw/QPSK/N4084/m6,7,3000,0,0,0,22333be91c39b276d3b1777bddf164135a692082a69fd4a50d8d6b7f501ed00c
token-efficiency-digital-v1/raw/QPSK/N4084/m6,13,3000,0,0,0,22333be91c39b276d3b1777bddf164135a692082a69fd4a50d8d6b7f501ed00c
token-efficiency-digital-v1/raw/QPSK/N4084/m6,19,3000,0,0,0,22333be91c39b276d3b1777bddf164135a692082a69fd4a50d8d6b7f501ed00c
token-efficiency-digital-v1/raw/QPSK/N4084/m7,1,3000,0,12,0,22333be91c39b276d3b1777bddf164135a692082a69fd4a50d8d6b7f501ed00c
token-efficiency-digital-v1/raw/QPSK/N4084/m7,4,3000,0,0,0,22333be91c39b276d3b1777bddf164135a692082a69fd4a50d8d6b7f501ed00c
token-efficiency-digital-v1/raw/QPSK/N4084/m7,7,3000,0,0,0,22333be91c39b276d3b1777bddf164135a692082a69fd4a50d8d6b7f501ed00c
token-efficiency-digital-v1/raw/QPSK/N4084/m7,13,3000,0,0,0,22333be91c39b276d3b1777bddf164135a692082a69fd4a50d8d6b7f501ed00c
token-efficiency-digital-v1/raw/QPSK/N4084/m7,19,3000,0,0,0,22333be91c39b276d3b1777bddf164135a692082a69fd4a50d8d6b7f501ed00c
token-efficiency-digital-v1/raw/QPSK/N4084/m8,1,3000,1,2663,0,22333be91c39b276d3b1777bddf164135a692082a69fd4a50d8d6b7f501ed00c
token-efficiency-digital-v1/raw/QPSK/N4084/m8,4,3000,0,1,0,22333be91c39b276d3b1777bddf164135a692082a69fd4a50d8d6b7f501ed00c
token-efficiency-digital-v1/raw/QPSK/N4084/m8,7,3000,0,0,0,22333be91c39b276d3b1777bddf164135a692082a69fd4a50d8d6b7f501ed00c
token-efficiency-digital-v1/raw/QPSK/N4084/m8,13,3000,0,0,0,22333be91c39b276d3b1777bddf164135a692082a69fd4a50d8d6b7f501ed00c
token-efficiency-digital-v1/raw/QPSK/N4084/m8,19,3000,0,0,0,22333be91c39b276d3b1777bddf164135a692082a69fd4a50d8d6b7f501ed00c
token-efficiency-digital-v1/raw/QPSK/N4084/m9,1,3000,0,3000,0,22333be91c39b276d3b1777bddf164135a692082a69fd4a50d8d6b7f501ed00c
token-efficiency-digital-v1/raw/QPSK/N4084/m9,4,3000,0,2163,0,22333be91c39b276d3b1777bddf164135a692082a69fd4a50d8d6b7f501ed00c
token-efficiency-digital-v1/raw/QPSK/N4084/m9,7,3000,0,3,0,22333be91c39b276d3b1777bddf164135a692082a69fd4a50d8d6b7f501ed00c
token-efficiency-digital-v1/raw/QPSK/N4084/m9,13,3000,0,0,0,22333be91c39b276d3b1777bddf164135a692082a69fd4a50d8d6b7f501ed00c
token-efficiency-digital-v1/raw/QPSK/N4084/m9,19,3000,0,0,0,22333be91c39b276d3b1777bddf164135a692082a69fd4a50d8d6b7f501ed00c
