region,arm,control,metric,difference,ci_low,ci_high,source_images
primary,add,raw_adaptive,psnr_db,0.06599975162082256,-0.05211623485883092,0.1797066406408945,100
primary,add,raw_adaptive,lpips,0.05256041138329439,0.049218914789716815,0.055970609954972224,100
primary,add,raw_adaptive,dino,-0.10497700398166974,-0.11620010536371007,-0.09400947818118666,100
primary,add,raw_adaptive,mse,0.0007950439583330992,0.00018547439185370333,0.0014853564773033463,100
primary,add,arithmetic_adaptive,psnr_db,0.023478451834784496,-0.09722248106532654,0.13843780854013218,100
primary,add,arithmetic_adaptive,lpips,0.05374357378524211,0.05054152815913159,0.05698259657124679,100
primary,add,arithmetic_adaptive,dino,-0.10546331135763061,-0.11666290409242112,-0.09449172099803886,100
primary,add,arithmetic_adaptive,mse,0.0009019221700496329,0.0002767647603384749,0.0016033806059523833,100
primary,add,perceptual_deepjscc,psnr_db,-4.685685597525703,-4.86106169131067,-4.515535489082335,100
primary,add,perceptual_deepjscc,lpips,0.03103262222061555,0.02182052519927836,0.04036511768266144,100
primary,add,perceptual_deepjscc,dino,0.2373389570021795,0.2104109088869041,0.26367922497028484,100
primary,add,perceptual_deepjscc,mse,0.010334527175892227,0.009292514503112716,0.011432241217009599,100
primary,add,raw_m7,psnr_db,1.6183667416042748,1.4612881132761633,1.778573391543494,100
primary,add,raw_m7,lpips,0.0015641975278655688,-0.001303856534469459,0.004492525041724241,100
primary,add,raw_m7,dino,-0.06772890612483025,-0.07822761621533167,-0.05735191841299335,100
primary,add,raw_m7,mse,-0.0041171451174158704,-0.005086845561477824,-0.0031365985567057284,100
primary,add,raw_m8,psnr_db,1.0394930097791883,0.9183951105276744,1.1687611244784457,100
primary,add,raw_m8,lpips,0.021396682341065672,0.016745657922596566,0.025980553331164023,100
primary,add,raw_m8,dino,-0.06315601643588808,-0.07494182022454011,-0.051344575876163104,100
primary,add,raw_m8,mse,-0.003354116536297771,-0.004231195689179705,-0.0025176234600766353,100
primary,add,raw_m9,psnr_db,5.1971489853329125,4.870765175766414,5.531975407759348,100
primary,add,raw_m9,lpips,-0.23293282699667742,-0.2456497583546572,-0.22047102852000128,100
primary,add,raw_m9,dino,0.4118235174825207,0.39391134250746107,0.42981359110454403,100
primary,add,raw_m9,mse,-0.047067567996351214,-0.05050800146573397,-0.04379117860214723,100
primary,add,snr_gain,psnr_db,-0.0007112185160318952,-0.0026438743008509397,0.0012959360811444682,100
primary,add,snr_gain,lpips,8.543332831726966e-05,-7.607998947305486e-06,0.00017930417000833193,100
primary,add,snr_gain,dino,-0.0012279197573661794,-0.001798989868826339,-0.0006848519742488862,100
primary,add,snr_gain,mse,-1.888689843731247e-07,-3.6992938387105067e-06,3.2786315164735946e-06,100
primary,snr_gain,raw_adaptive,psnr_db,0.06671097013685445,-0.05121092589696256,0.18024674876530983,100
primary,snr_gain,raw_adaptive,lpips,0.05247497805497712,0.04913939770569818,0.05585745985826685,100
primary,snr_gain,raw_adaptive,dino,-0.10374908422430358,-0.11494712425147496,-0.09283827982056474,100
primary,snr_gain,raw_adaptive,mse,0.0007952328273174724,0.0001864749277803297,0.0014861574366528281,100
primary,snr_gain,arithmetic_adaptive,psnr_db,0.024189670350816393,-0.09654233304659555,0.1389328258832296,100
primary,snr_gain,arithmetic_adaptive,lpips,0.053658140456924824,0.050458767671603705,0.05690506999168752,100
primary,snr_gain,arithmetic_adaptive,dino,-0.10423539160026447,-0.11545713461562992,-0.09325128548012841,100
primary,snr_gain,arithmetic_adaptive,mse,0.0009021110390340059,0.0002782854294367163,0.0016040326472871204,100
primary,snr_gain,perceptual_deepjscc,psnr_db,-4.68497437900967,-4.860985717614492,-4.5151417112615375,100
primary,snr_gain,perceptual_deepjscc,lpips,0.030947188892298277,0.02171942670415673,0.0402815272094061,100
primary,snr_gain,perceptual_deepjscc,dino,0.23856687675954572,0.21158772723728583,0.264879639084813,100
primary,snr_gain,perceptual_deepjscc,mse,0.0103347160448766,0.009292731167165181,0.011434127671215074,100
primary,snr_gain,raw_m7,psnr_db,1.6190779601203067,1.4620606259769868,1.7791726852522955,100
primary,snr_gain,raw_m7,lpips,0.001478764199548299,-0.0014130182932648376,0.004410849368510147,100
primary,snr_gain,raw_m7,dino,-0.06650098636746406,-0.07703160255278152,-0.05615452487021684,100
primary,snr_gain,raw_m7,mse,-0.004116956248431498,-0.005084680423485076,-0.003138276521609504,100
primary,snr_gain,raw_m8,psnr_db,1.04020422829522,0.9198149960570864,1.1688947472837237,100
primary,snr_gain,raw_m8,lpips,0.021311249012748404,0.01665758575395578,0.02590560626973295,100
primary,snr_gain,raw_m8,dino,-0.06192809667852188,-0.07366851276697384,-0.050121335776315806,100
primary,snr_gain,raw_m8,mse,-0.003353927667313399,-0.0042307218232412545,-0.0025184602948227198,100
primary,snr_gain,raw_m9,psnr_db,5.197860203848945,4.8731886350843645,5.53201778186692,100
primary,snr_gain,raw_m9,lpips,-0.2330182603249947,-0.24570113177494043,-0.22053164107011014,100
primary,snr_gain,raw_m9,dino,0.4130514372398871,0.39517341839835146,0.4311041453390693,100
primary,snr_gain,raw_m9,mse,-0.04706737912736686,-0.05050735207389736,-0.04379163243909147,100
primary,snr_gain,add,psnr_db,0.0007112185160318952,-0.0012959360811444682,0.002643874300850938,100
primary,snr_gain,add,lpips,-8.543332831726966e-05,-0.000179304170008332,7.607998947305437e-06,100
primary,snr_gain,add,dino,0.0012279197573661794,0.0006848519742488858,0.001798989868826339,100
primary,snr_gain,add,mse,1.888689843731247e-07,-3.278631516473596e-06,3.6992938387105067e-06,100
primary,reliability_gain,raw_adaptive,psnr_db,0.06734748310512978,-0.05036518912845175,0.1810174018277064,100
primary,reliability_gain,raw_adaptive,lpips,0.05253626236692071,0.04920302808346848,0.055914634678719766,100
primary,reliability_gain,raw_adaptive,dino,-0.10391620510154301,-0.11514367005725704,-0.09299124248656963,100
primary,reliability_gain,raw_adaptive,mse,0.0007935053994699962,0.000184703225777297,0.0014844543640770824,100
primary,reliability_gain,arithmetic_adaptive,psnr_db,0.024826183319091727,-0.09602646533648182,0.13917674620946222,100
primary,reliability_gain,arithmetic_adaptive,lpips,0.05371942476886841,0.05051956761768088,0.05696612943703722,100
primary,reliability_gain,arithmetic_adaptive,dino,-0.10440251247750387,-0.11561018560081718,-0.09341870171825091,100
primary,reliability_gain,arithmetic_adaptive,mse,0.0009003836111865296,0.0002760885346964236,0.001602284210014531,100
primary,reliability_gain,perceptual_deepjscc,psnr_db,-4.684337866041395,-4.8598289783000945,-4.514672244416343,100
primary,reliability_gain,perceptual_deepjscc,lpips,0.031008473204241858,0.021782422727594772,0.04034717772756186,100
primary,reliability_gain,perceptual_deepjscc,dino,0.23839975588230622,0.21135929237150894,0.2647784426730229,100
primary,reliability_gain,perceptual_deepjscc,mse,0.010332988617029124,0.00929079075740848,0.011432293659222685,100
primary,reliability_gain,raw_m7,psnr_db,1.6197144730885822,1.4628305273585849,1.779746767918269,100
primary,reliability_gain,raw_m7,lpips,0.001540048511491881,-0.001349750901882848,0.004477947001759374,100
primary,reliability_gain,raw_m7,dino,-0.0666681072447035,-0.07717760198066632,-0.056343484842114974,100
primary,reliability_gain,raw_m7,mse,-0.0041186836762789735,-0.005086133031541728,-0.0031406770928837434,100
primary,reliability_gain,raw_m8,psnr_db,1.0408407412634955,0.9204604039986929,1.169643995338016,100
primary,reliability_gain,raw_m8,lpips,0.021372533324691988,0.01671700639505353,0.025965709580625926,100
primary,reliability_gain,raw_m8,dino,-0.06209521755576135,-0.07381642315040032,-0.05031640850173104,100
primary,reliability_gain,raw_m8,mse,-0.0033556550951608748,-0.004232444781809722,-0.002519734931818865,100
primary,reliability_gain,raw_m9,psnr_db,5.19849671681722,4.87380394718382,5.532633509874344,100
primary,reliability_gain,raw_m9,lpips,-0.2329569760130511,-0.24563367450589108,-0.22046561633319492,100
primary,reliability_gain,raw_m9,dino,0.41288431636264755,0.39497556762040287,0.43096601837374166,100
primary,reliability_gain,raw_m9,mse,-0.047069106555214325,-0.05050852991136137,-0.04379375056766648,100
primary,reliability_gain,add,psnr_db,0.0013477314843072285,-0.0009348581896890277,0.003640194760428633,100
primary,reliability_gain,add,lpips,-2.414901637368752e-05,-0.00013184553457216885,8.373404687477336e-05,100
primary,reliability_gain,add,dino,0.001060798880126741,0.0004605712766448534,0.001701802633288843,100
primary,reliability_gain,add,mse,-1.538558863103407e-06,-5.512807773710846e-06,2.4857528009710147e-06,100
primary,reliability_gain,snr_gain,psnr_db,0.0006365129682753334,4.650693469590284e-05,0.0012253766059878556,100
primary,reliability_gain,snr_gain,lpips,6.128431194358214e-05,2.9458898533549307e-05,9.329470122853763e-05,100
primary,reliability_gain,snr_gain,dino,-0.00016712087723943836,-0.0003552477508783379,1.4912655784023609e-05,100
primary,reliability_gain,snr_gain,mse,-1.7274278474765317e-06,-2.9453265403088737e-06,-4.698791308329291e-07,100
high,add,raw_adaptive,psnr_db,0.3877141888936362,0.2502845984697343,0.5228905742963152,100
high,add,raw_adaptive,lpips,0.0575265208693842,0.052884986126329754,0.06231644671177492,100
high,add,raw_adaptive,dino,-0.1152357057730357,-0.12916837321718533,-0.10195632037272058,100
high,add,raw_adaptive,mse,-0.0008544984454507068,-0.0011261284279478543,-0.000594233244307485,100
high,add,arithmetic_adaptive,psnr_db,0.3877141888936362,0.2502845984697343,0.5228905742963152,100
high,add,arithmetic_adaptive,lpips,0.0575265208693842,0.052884986126329754,0.06231644671177492,100
high,add,arithmetic_adaptive,dino,-0.1152357057730357,-0.12916837321718533,-0.10195632037272058,100
high,add,arithmetic_adaptive,mse,-0.0008544984454507068,-0.0011261284279478543,-0.000594233244307485,100
high,add,perceptual_deepjscc,psnr_db,-5.043817539215088,-5.251384029547375,-4.8373259323835365,100
high,add,perceptual_deepjscc,lpips,0.05891263031400739,0.049779014925860496,0.06825333332355754,100
high,add,perceptual_deepjscc,dino,0.049664336120088894,0.02464853179516892,0.07541733235431212,100
high,add,perceptual_deepjscc,mse,0.005936397483376314,0.005189309951855564,0.006736237287875314,100
high,add,raw_m7,psnr_db,3.529742730458578,3.2824226215680437,3.775715386589369,100
high,add,raw_m7,lpips,-0.04038220408683021,-0.043483006658032536,-0.03733867997210473,100
high,add,raw_m7,dino,-0.04127860109011332,-0.05218673790246248,-0.030465888693928713,100
high,add,raw_m7,mse,-0.010231834248998322,-0.011462466591066393,-0.009039150462210271,100
high,add,raw_m8,psnr_db,1.9398184235890705,1.783948980609576,2.1003636368910468,100
high,add,raw_m8,lpips,0.01628081327925126,0.012805208983520668,0.019737191737474256,100
high,add,raw_m8,dino,-0.08110659579435983,-0.09414653661847115,-0.06771748572339614,100
high,add,raw_m8,mse,-0.004706705852054924,-0.005349059980029116,-0.004104177486365565,100
high,add,raw_m9,psnr_db,0.3877141888936362,0.2502845984697343,0.5228905742963152,100
high,add,raw_m9,lpips,0.0575265208693842,0.052884986126329754,0.06231644671177492,100
high,add,raw_m9,dino,-0.1152357057730357,-0.12916837321718533,-0.10195632037272058,100
high,add,raw_m9,mse,-0.0008544984454507068,-0.0011261284279478543,-0.000594233244307485,100
high,add,snr_gain,psnr_db,-0.0026317660013835107,-0.0062687749862671005,0.0014044850269952186,100
high,add,snr_gain,lpips,0.00014968179166317147,-1.594794805471873e-05,0.0003155438002819823,100
high,add,snr_gain,dino,-0.0008645287156105008,-0.0016893422504266056,-3.678386410078194e-05,100
high,add,snr_gain,mse,4.570330202113815e-06,-1.778069078379041e-06,1.0305938892997683e-05,100
high,snr_gain,raw_adaptive,psnr_db,0.39034595489501955,0.25216700088977806,0.525631499528885,100
high,snr_gain,raw_adaptive,lpips,0.057376839077721044,0.05275084286555647,0.062132563136052345,100
high,snr_gain,raw_adaptive,dino,-0.1143711770574252,-0.1281981043343743,-0.10114072073499364,100
high,snr_gain,raw_adaptive,mse,-0.0008590687756528207,-0.001129825505060795,-0.0005988578231520786,100
high,snr_gain,arithmetic_adaptive,psnr_db,0.39034595489501955,0.25216700088977806,0.525631499528885,100
high,snr_gain,arithmetic_adaptive,lpips,0.057376839077721044,0.05275084286555647,0.062132563136052345,100
high,snr_gain,arithmetic_adaptive,dino,-0.1143711770574252,-0.1281981043343743,-0.10114072073499364,100
high,snr_gain,arithmetic_adaptive,mse,-0.0008590687756528207,-0.001129825505060795,-0.0005988578231520786,100
high,snr_gain,perceptual_deepjscc,psnr_db,-5.041185773213704,-5.249104212045669,-4.835167801698049,100
high,snr_gain,perceptual_deepjscc,lpips,0.05876294852234424,0.04961354319619326,0.06807702533776562,100
high,snr_gain,perceptual_deepjscc,dino,0.0505288648356994,0.02557606106624007,0.07625667207501828,100
high,snr_gain,perceptual_deepjscc,mse,0.0059318271531742,0.005185161638383605,0.00673316484817473,100
high,snr_gain,raw_m7,psnr_db,3.532374496459961,3.285355446537335,3.7776746493577957,100
high,snr_gain,raw_m7,lpips,-0.04053188587849339,-0.04360271103850876,-0.03749940052116289,100
high,snr_gain,raw_m7,dino,-0.04041407237450282,-0.05149429144958655,-0.029521065364281337,100
high,snr_gain,raw_m7,mse,-0.010236404579200435,-0.011465375382957192,-0.009044651440566693,100
high,snr_gain,raw_m8,psnr_db,1.942450189590454,1.7870614129702254,2.1033253966967265,100
high,snr_gain,raw_m8,lpips,0.016131131487588088,0.012664882755062232,0.019566413940706597,100
high,snr_gain,raw_m8,dino,-0.08024206707874933,-0.0934163262024522,-0.06688019547611475,100
high,snr_gain,raw_m8,mse,-0.004711276182257038,-0.0053523880229836805,-0.004110674761260381,100
high,snr_gain,raw_m9,psnr_db,0.39034595489501955,0.25216700088977806,0.525631499528885,100
high,snr_gain,raw_m9,lpips,0.057376839077721044,0.05275084286555647,0.062132563136052345,100
high,snr_gain,raw_m9,dino,-0.1143711770574252,-0.1281981043343743,-0.10114072073499364,100
high,snr_gain,raw_m9,mse,-0.0008590687756528207,-0.001129825505060795,-0.0005988578231520786,100
high,snr_gain,add,psnr_db,0.0026317660013835107,-0.0014044850269952203,0.0062687749862671,100
high,snr_gain,add,lpips,-0.00014968179166317147,-0.00031554380028198234,1.594794805471863e-05,100
high,snr_gain,add,dino,0.0008645287156105008,3.678386410078191e-05,0.0016893422504266054,100
high,snr_gain,add,mse,-4.570330202113815e-06,-1.0305938892997684e-05,1.7780690783790365e-06,100
high,reliability_gain,raw_adaptive,psnr_db,0.39054979960123704,0.2525326047341028,0.5258082365194957,100
high,reliability_gain,raw_adaptive,lpips,0.057457771888002745,0.05283152921133053,0.06219803097921735,100
high,reliability_gain,raw_adaptive,dino,-0.11486874987681706,-0.12868909591684738,-0.10163426304111878,100
high,reliability_gain,raw_adaptive,mse,-0.0008588201151447432,-0.0011293224189375896,-0.0005984101023434192,100
high,reliability_gain,arithmetic_adaptive,psnr_db,0.39054979960123704,0.2525326047341028,0.5258082365194957,100
high,reliability_gain,arithmetic_adaptive,lpips,0.057457771888002745,0.05283152921133053,0.06219803097921735,100
high,reliability_gain,arithmetic_adaptive,dino,-0.11486874987681706,-0.12868909591684738,-0.10163426304111878,100
high,reliability_gain,arithmetic_adaptive,mse,-0.0008588201151447432,-0.0011293224189375896,-0.0005984101023434192,100
high,reliability_gain,perceptual_deepjscc,psnr_db,-5.040981928507486,-5.249034814397493,-4.834975709915161,100
high,reliability_gain,perceptual_deepjscc,lpips,0.05884388133262596,0.04967724325756231,0.0681579304433738,100
high,reliability_gain,perceptual_deepjscc,dino,0.05003129201630751,0.025157369553421936,0.07575498761547106,100
high,reliability_gain,perceptual_deepjscc,mse,0.00593207581368228,0.005184678957081657,0.006733772969391349,100
high,reliability_gain,raw_m7,psnr_db,3.5325783411661784,3.2856944584051773,3.777571574846903,100
high,reliability_gain,raw_m7,lpips,-0.04045095306821168,-0.04352156254703489,-0.03741493221869072,100
high,reliability_gain,raw_m7,dino,-0.04091164519389471,-0.05202734126150609,-0.029986426810423537,100
high,reliability_gain,raw_m7,mse,-0.01023615591869236,-0.011464271097343848,-0.009044007062416037,100
high,reliability_gain,raw_m8,psnr_db,1.9426540342966712,1.7874765710830693,2.10318765147527,100
high,reliability_gain,raw_m8,lpips,0.0162120642978698,0.012735017051454633,0.01966115913912654,100
high,reliability_gain,raw_m8,dino,-0.08073963989814122,-0.09390897214661043,-0.06739341440796852,100
high,reliability_gain,raw_m8,mse,-0.004711027521748961,-0.005351757562179276,-0.004110425009446681,100
high,reliability_gain,raw_m9,psnr_db,0.39054979960123704,0.2525326047341028,0.5258082365194957,100
high,reliability_gain,raw_m9,lpips,0.057457771888002745,0.05283152921133053,0.06219803097921735,100
high,reliability_gain,raw_m9,dino,-0.11486874987681706,-0.12868909591684738,-0.10163426304111878,100
high,reliability_gain,raw_m9,mse,-0.0008588201151447432,-0.0011293224189375896,-0.0005984101023434192,100
high,reliability_gain,add,psnr_db,0.002835610707600953,-0.0018864586750664833,0.007261148254076708,100
high,reliability_gain,add,lpips,-6.874898138145711e-05,-0.0002650226429880922,0.0001244756004307389,100
high,reliability_gain,add,dino,0.0003669558962186148,-0.0006617753282189356,0.0013812196503082829,100
high,reliability_gain,add,mse,-4.321669694036262e-06,-1.0976036598246218e-05,2.914264196685307e-06,100
high,reliability_gain,snr_gain,psnr_db,0.00020384470621744198,-0.0009305620988211385,0.0013573583761852753,100
high,reliability_gain,snr_gain,lpips,8.093281028171434e-05,2.186656386280886e-05,0.00013986565917730647,100
high,reliability_gain,snr_gain,dino,-0.000497572819391886,-0.0008917141308387102,-0.0001349522372086838,100
high,reliability_gain,snr_gain,mse,2.4866050807755264e-07,-1.4427445761005726e-06,2.0130468789526474e-06,100
snr_1,add,raw_adaptive,psnr_db,-0.9872859319051106,-1.2731857737700145,-0.7316040311654407,100
snr_1,add,raw_adaptive,lpips,0.06012127262229721,0.053258112814122203,0.06723711376202603,100
snr_1,add,raw_adaptive,dino,-0.11451623196403186,-0.1314195598314206,-0.09857341625913976,100
snr_1,add,raw_adaptive,mse,0.005546689637359068,0.003900029788665919,0.007485762969918746,100
snr_1,add,arithmetic_adaptive,psnr_db,-1.0596226692199706,-1.3518201853434249,-0.7959051421483357,100
snr_1,add,arithmetic_adaptive,lpips,0.06230555239443978,0.055512864296945436,0.06930664864213516,100
snr_1,add,arithmetic_adaptive,dino,-0.11401705985267956,-0.1305528929630915,-0.09850931900118787,100
snr_1,add,arithmetic_adaptive,mse,0.005732554176585453,0.004085422312096871,0.007673623829245019,100
snr_1,add,perceptual_deepjscc,psnr_db,-6.295816596349081,-6.646989438056945,-5.964101844549179,100
snr_1,add,perceptual_deepjscc,lpips,0.04594982396190365,0.03435121797413255,0.05794093313626944,100
snr_1,add,perceptual_deepjscc,dino,0.31758139305437605,0.2861181857963092,0.34970007463420427,100
snr_1,add,perceptual_deepjscc,mse,0.019122177122293554,0.017080036514608054,0.0213804939814349,100
snr_1,add,raw_m7,psnr_db,-0.9872859319051106,-1.2731857737700145,-0.7316040311654407,100
snr_1,add,raw_m7,lpips,0.06012127262229721,0.053258112814122203,0.06723711376202603,100
snr_1,add,raw_m7,dino,-0.11451623196403186,-0.1314195598314206,-0.09857341625913976,100
snr_1,add,raw_m7,mse,0.005546689637359068,0.003900029788665919,0.007485762969918746,100
snr_1,add,raw_m8,psnr_db,0.4551311683654787,0.17633730061848943,0.7484362369378406,100
snr_1,add,raw_m8,lpips,0.006300426231076317,-0.004745672860958925,0.016833375183865427,100
snr_1,add,raw_m8,dino,-0.021122028728326157,-0.040522723314662765,-0.0015618594127396678,100
snr_1,add,raw_m8,mse,-0.0032132786559177107,-0.0057622962269384724,-0.0008757141084783398,100
snr_1,add,raw_m9,psnr_db,7.199527616500854,6.730060637036961,7.680519177436829,100
snr_1,add,raw_m9,lpips,-0.4096772658266128,-0.429256186375084,-0.39079276460921397,100
snr_1,add,raw_m9,dino,0.7031934295843044,0.6795561614565087,0.7266501466683889,100
snr_1,add,raw_m9,mse,-0.08634781654623196,-0.09281141546858127,-0.08026343454252756,100
snr_1,add,snr_gain,psnr_db,9.212176005048534e-05,-0.0010445083777107732,0.0012227702140807063,100
snr_1,add,snr_gain,lpips,2.878458549579077e-05,-3.527767521639558e-05,9.298478284229532e-05,100
snr_1,add,snr_gain,dino,-0.0011243260900179496,-0.0016883382722735318,-0.000595014490187169,100
snr_1,add,snr_gain,mse,-4.337924377371656e-06,-1.0354078568828485e-05,1.3942417960307207e-06,100
snr_1,snr_gain,raw_adaptive,psnr_db,-0.9873780536651612,-1.2723724089463553,-0.7314607004324595,100
snr_1,snr_gain,raw_adaptive,lpips,0.060092488036801416,0.053221524695710586,0.06723866032483054,100
snr_1,snr_gain,raw_adaptive,dino,-0.11339190587401392,-0.1301230186385413,-0.09761720635866127,100
snr_1,snr_gain,raw_adaptive,mse,0.005551027561736439,0.00390365871232854,0.007492563982325026,100
snr_1,snr_gain,arithmetic_adaptive,psnr_db,-1.059714790980021,-1.3515018692811331,-0.7965092516740163,100
snr_1,snr_gain,arithmetic_adaptive,lpips,0.062276767808943985,0.0554737240926673,0.06929754507355393,100
snr_1,snr_gain,arithmetic_adaptive,dino,-0.11289273376266165,-0.12937273542086286,-0.09744280545661847,100
snr_1,snr_gain,arithmetic_adaptive,mse,0.005736892100962826,0.004092538264946395,0.007677389473685742,100
snr_1,snr_gain,perceptual_deepjscc,psnr_db,-6.295908718109131,-6.6471563572883605,-5.964040122985842,100
snr_1,snr_gain,perceptual_deepjscc,lpips,0.04592103937640785,0.03430071800621227,0.05793425109361608,100
snr_1,snr_gain,perceptual_deepjscc,dino,0.31870571914439394,0.2871966323850987,0.35085464079895373,100
snr_1,snr_gain,perceptual_deepjscc,mse,0.019126515046670924,0.017082556944354604,0.021383928722585637,100
snr_1,snr_gain,raw_m7,psnr_db,-0.9873780536651612,-1.2723724089463553,-0.7314607004324595,100
snr_1,snr_gain,raw_m7,lpips,0.060092488036801416,0.053221524695710586,0.06723866032483054,100
snr_1,snr_gain,raw_m7,dino,-0.11339190587401392,-0.1301230186385413,-0.09761720635866127,100
snr_1,snr_gain,raw_m7,mse,0.005551027561736439,0.00390365871232854,0.007492563982325026,100
snr_1,snr_gain,raw_m8,psnr_db,0.4550390466054281,0.17656771349906922,0.7483654425144194,100
snr_1,snr_gain,raw_m8,lpips,0.006271641645580528,-0.004767576809041206,0.016785081977645545,100
snr_1,snr_gain,raw_m8,dino,-0.019997702638308204,-0.03918021303291122,-0.000544558621943001,100
snr_1,snr_gain,raw_m8,mse,-0.00320894073154034,-0.0057555916318127644,-0.000873713942233686,100
snr_1,snr_gain,raw_m9,psnr_db,7.199435494740806,6.729702236453691,7.6799380679130556,100
snr_1,snr_gain,raw_m9,lpips,-0.4097060504121085,-0.42928575945179914,-0.39083977663222075,100
snr_1,snr_gain,raw_m9,dino,0.7043177556743225,0.6806942200330863,0.7278245440158062,100
snr_1,snr_gain,raw_m9,mse,-0.08634347862185457,-0.09280867950570841,-0.08025870863450554,100
snr_1,snr_gain,add,psnr_db,-9.212176005048534e-05,-0.0012227702140807067,0.001044508377710773,100
snr_1,snr_gain,add,lpips,-2.878458549579077e-05,-9.298478284229532e-05,3.5277675216395574e-05,100
snr_1,snr_gain,add,dino,0.0011243260900179496,0.0005950144901871688,0.0016883382722735316,100
snr_1,snr_gain,add,mse,4.337924377371656e-06,-1.3942417960307207e-06,1.0354078568828485e-05,100
snr_1,reliability_gain,raw_adaptive,psnr_db,-0.9866915543874104,-1.2717076343695322,-0.7307587932745615,100
snr_1,reliability_gain,raw_adaptive,lpips,0.060111921982218826,0.053237132821697744,0.06724228811434779,100
snr_1,reliability_gain,raw_adaptive,dino,-0.11336435437202458,-0.130108773291111,-0.09757891273250185,100
snr_1,reliability_gain,raw_adaptive,mse,0.005548837666908736,0.003901332267004898,0.007490216380113822,100
snr_1,reliability_gain,arithmetic_adaptive,psnr_db,-1.0590282917022704,-1.3509650100866957,-0.7957435433069869,100
snr_1,reliability_gain,arithmetic_adaptive,lpips,0.06229620175436139,0.05548854370166858,0.06932270152897885,100
snr_1,reliability_gain,arithmetic_adaptive,dino,-0.11286518226067227,-0.12936380061755579,-0.09742713934679828,100
snr_1,reliability_gain,arithmetic_adaptive,mse,0.0057347022061351215,0.004089530194971405,0.007674376733050429,100
snr_1,reliability_gain,perceptual_deepjscc,psnr_db,-6.2952222188313804,-6.646703095118205,-5.963597584327061,100
snr_1,reliability_gain,perceptual_deepjscc,lpips,0.04594047332182528,0.03431708279112355,0.05796345295400048,100
snr_1,reliability_gain,perceptual_deepjscc,dino,0.31873327064638335,0.2872361203146478,0.35095329595031216,100
snr_1,reliability_gain,perceptual_deepjscc,mse,0.019124325151843223,0.017080063650743767,0.021381726473880397,100
snr_1,reliability_gain,raw_m7,psnr_db,-0.9866915543874104,-1.2717076343695322,-0.7307587932745615,100
snr_1,reliability_gain,raw_m7,lpips,0.060111921982218826,0.053237132821697744,0.06724228811434779,100
snr_1,reliability_gain,raw_m7,dino,-0.11336435437202458,-0.130108773291111,-0.09757891273250185,100
snr_1,reliability_gain,raw_m7,mse,0.005548837666908736,0.003901332267004898,0.007490216380113822,100
snr_1,reliability_gain,raw_m8,psnr_db,0.4557255458831787,0.1774302231470743,0.7488921135266616,100
snr_1,reliability_gain,raw_m8,lpips,0.006291075590997931,-0.004741223860687267,0.016805649249504007,100
snr_1,reliability_gain,raw_m8,dino,-0.019970151136318844,-0.039245239858826005,-0.0004527447024981201,100
snr_1,reliability_gain,raw_m8,mse,-0.003211130626368042,-0.005758649665131437,-0.0008757343384186311,100
snr_1,reliability_gain,raw_m9,psnr_db,7.200121994018555,6.730456364035606,7.680658734758694,100
snr_1,reliability_gain,raw_m9,lpips,-0.40968661646669113,-0.4292650799429975,-0.3907997782505117,100
snr_1,reliability_gain,raw_m9,dino,0.7043453071763117,0.6806577139447132,0.7279039766032559,100
snr_1,reliability_gain,raw_m9,mse,-0.08634566851668231,-0.09281132741954559,-0.08026153694351215,100
snr_1,reliability_gain,add,psnr_db,0.000594377517700071,-0.0007247111002607194,0.0019005311330158826,100
snr_1,reliability_gain,add,lpips,-9.350640078386597e-06,-8.855167838434349e-05,6.928051759799111e-05,100
snr_1,reliability_gain,add,dino,0.0011518775920073127,0.0005700627863407056,0.0017682287283241702,100
snr_1,reliability_gain,add,mse,2.148029549668201e-06,-4.059359664097475e-06,8.58102034544571e-06,100
snr_1,reliability_gain,snr_gain,psnr_db,0.0006864992777505563,0.0003109760284420222,0.0010829660892488085,100
snr_1,reliability_gain,snr_gain,lpips,1.9433945417404176e-05,-1.180935899416828e-05,5.071687822540419e-05,100
snr_1,reliability_gain,snr_gain,dino,2.7551501989362958e-05,-0.00016573661193252035,0.00021606630956133604,100
snr_1,reliability_gain,snr_gain,mse,-2.1898948277034557e-06,-3.871017368510262e-06,-5.44651178642855e-07,100
snr_4,add,raw_adaptive,psnr_db,1.1578280766805014,1.0434884926478065,1.278344425837199,100
snr_4,add,raw_adaptive,lpips,0.03242331679910422,0.02897039571745942,0.035985868861277893,100
snr_4,add,raw_adaptive,dino,-0.08416046837965649,-0.09714206137259801,-0.07119018709162873,100
snr_4,add,raw_adaptive,mse,-0.0030321432196952847,-0.003474883122908437,-0.0026202947604547252,100
snr_4,add,arithmetic_adaptive,psnr_db,1.1570177586873371,1.0429157327016192,1.2771826110680897,100
snr_4,add,arithmetic_adaptive,lpips,0.03243105070044597,0.028993591696023942,0.03598195979557931,100
snr_4,add,arithmetic_adaptive,dino,-0.08414092361927034,-0.09709484570721787,-0.07116912754873436,100
snr_4,add,arithmetic_adaptive,mse,-0.003030940462439565,-0.0034738771258610852,-0.0026193839948362037,100
snr_4,add,perceptual_deepjscc,psnr_db,-3.6028597545623784,-3.7334365135828658,-3.4728622468312578,100
snr_4,add,perceptual_deepjscc,lpips,0.011082122878481943,0.002070093958483387,0.020193819344043726,100
snr_4,add,perceptual_deepjscc,dino,0.24433062478899953,0.21578650641192995,0.2729212496330341,100
snr_4,add,perceptual_deepjscc,mse,0.005937451432943771,0.005184113365110402,0.006744975873904028,100
snr_4,add,raw_m7,psnr_db,2.7469420655568437,2.5486491978168484,2.9453959487279247,100
snr_4,add,raw_m7,lpips,-0.024231966665635506,-0.026352175682162242,-0.02213911929711078,100
snr_4,add,raw_m7,dino,-0.044312928915023794,-0.054793002441525455,-0.03388335750500362,100
snr_4,add,raw_m7,mse,-0.008556068859382962,-0.009579797109641214,-0.007566825018259004,100
snr_4,add,raw_m8,psnr_db,1.1578280766805014,1.0434884926478065,1.278344425837199,100
snr_4,add,raw_m8,lpips,0.03242331679910422,0.02897039571745942,0.035985868861277893,100
snr_4,add,raw_m8,dino,-0.08416046837965649,-0.09714206137259801,-0.07119018709162873,100
snr_4,add,raw_m8,mse,-0.0030321432196952847,-0.003474883122908437,-0.0026202947604547252,100
snr_4,add,raw_m9,psnr_db,8.364462229410808,7.781407568613689,8.962425701697669,100
snr_4,add,raw_m9,lpips,-0.35425785989190145,-0.37332121332346785,-0.3356824814531331,100
snr_4,add,raw_m9,dino,0.648531434464579,0.6215816094560238,0.6749461526957652,100
snr_4,add,raw_m9,mse,-0.05472547290015721,-0.05968926701150582,-0.04991260675319222,100
snr_4,add,snr_gain,psnr_db,-0.0008045482635499113,-0.003193882544835773,0.0017184269428250154,100
snr_4,add,snr_gain,lpips,0.00011233874286214397,-1.3173807878048707e-05,0.0002398157389834512,100
snr_4,add,snr_gain,dino,-0.0011933044592539477,-0.0018911862721045824,-0.0005093942234913483,100
snr_4,add,snr_gain,mse,1.0763686926413392e-06,-3.2575835745471764e-06,4.938961986529759e-06,100
snr_4,snr_gain,raw_adaptive,psnr_db,1.158632624944051,1.044309549252192,1.2794469393094383,100
snr_4,snr_gain,raw_adaptive,lpips,0.03231097805624207,0.028853913299428928,0.03584640790134048,100
snr_4,snr_gain,raw_adaptive,dino,-0.08296716392040253,-0.09595347068210441,-0.06985801393787067,100
snr_4,snr_gain,raw_adaptive,mse,-0.0030332195883879267,-0.003473567283913338,-0.002622593853775889,100
snr_4,snr_gain,arithmetic_adaptive,psnr_db,1.1578223069508868,1.0434534000555673,1.2782282026608784,100
snr_4,snr_gain,arithmetic_adaptive,lpips,0.032318711957583825,0.028873576222608492,0.03585552232464154,100
snr_4,snr_gain,arithmetic_adaptive,dino,-0.08294761916001639,-0.09596835630138716,-0.0698129855444034,100
snr_4,snr_gain,arithmetic_adaptive,mse,-0.003032016831132207,-0.0034735505517848745,-0.0026213870785684375,100
snr_4,snr_gain,perceptual_deepjscc,psnr_db,-3.6020552062988274,-3.7327668696244563,-3.471751824140549,100
snr_4,snr_gain,perceptual_deepjscc,lpips,0.0109697841356198,0.0019649003474041804,0.0200589865433673,100
snr_4,snr_gain,perceptual_deepjscc,dino,0.2455239292482535,0.21693120073651273,0.27423651562879486,100
snr_4,snr_gain,perceptual_deepjscc,mse,0.00593637506425113,0.005181819239615272,0.006742933706040944,100
snr_4,snr_gain,raw_m7,psnr_db,2.747746613820394,2.5488548260529837,2.9461127814451844,100
snr_4,snr_gain,raw_m7,lpips,-0.024344305408497656,-0.02648887085945656,-0.02225117092517514,100
snr_4,snr_gain,raw_m7,dino,-0.043119624455769855,-0.05356198085844516,-0.03273123222092788,100
snr_4,snr_gain,raw_m7,mse,-0.008557145228075604,-0.009580004503628597,-0.007567871545758511,100
snr_4,snr_gain,raw_m8,psnr_db,1.158632624944051,1.044309549252192,1.2794469393094383,100
snr_4,snr_gain,raw_m8,lpips,0.03231097805624207,0.028853913299428928,0.03584640790134048,100
snr_4,snr_gain,raw_m8,dino,-0.08296716392040253,-0.09595347068210441,-0.06985801393787067,100
snr_4,snr_gain,raw_m8,mse,-0.0030332195883879267,-0.003473567283913338,-0.002622593853775889,100
snr_4,snr_gain,raw_m9,psnr_db,8.365266777674357,7.783152538696926,8.963330974578856,100
snr_4,snr_gain,raw_m9,lpips,-0.3543701986347635,-0.37349723753519354,-0.3357889212720717,100
snr_4,snr_gain,raw_m9,dino,0.6497247389238328,0.6227656715383442,0.6760682982651051,100
snr_4,snr_gain,raw_m9,mse,-0.05472654926884986,-0.05969070791598741,-0.049914947867196226,100
snr_4,snr_gain,add,psnr_db,0.0008045482635499113,-0.0017184269428250154,0.0031938825448357723,100
snr_4,snr_gain,add,lpips,-0.00011233874286214397,-0.0002398157389834512,1.3173807878048704e-05,100
snr_4,snr_gain,add,dino,0.0011933044592539477,0.0005093942234913482,0.0018911862721045821,100
snr_4,snr_gain,add,mse,-1.0763686926413392e-06,-4.938961986529759e-06,3.2575835745471743e-06,100
snr_4,reliability_gain,raw_adaptive,psnr_db,1.1592033831278483,1.0445983479022978,1.2801079603036243,100
snr_4,reliability_gain,raw_adaptive,lpips,0.032387282457202675,0.028920022244720407,0.0359262037028869,100
snr_4,reliability_gain,raw_adaptive,dino,-0.08316369692484538,-0.09615856272975604,-0.07005666567881903,100
snr_4,reliability_gain,raw_adaptive,mse,-0.003034956760715241,-0.0034756549607080564,-0.0026244771901277825,100
snr_4,reliability_gain,arithmetic_adaptive,psnr_db,1.158393065134684,1.0438748602072394,1.2788027342160542,100
snr_4,reliability_gain,arithmetic_adaptive,lpips,0.03239501635854443,0.028939963163187105,0.03592944598756731,100
snr_4,reliability_gain,arithmetic_adaptive,dino,-0.08314415216445922,-0.09617169890304407,-0.07000323037306468,100
snr_4,reliability_gain,arithmetic_adaptive,mse,-0.0030337540034595218,-0.003475210509827634,-0.0026229149485751755,100
snr_4,reliability_gain,perceptual_deepjscc,psnr_db,-3.601484448115031,-3.7320894537766773,-3.4714105636278796,100
snr_4,reliability_gain,perceptual_deepjscc,lpips,0.011046088536580402,0.0020398669888575843,0.020149160681602853,100
snr_4,reliability_gain,perceptual_deepjscc,dino,0.2453273962438107,0.21670052933196227,0.2740119291606049,100
snr_4,reliability_gain,perceptual_deepjscc,mse,0.005934637891923816,0.005181441748680353,0.006741039518218471,100
snr_4,reliability_gain,raw_m7,psnr_db,2.7483173720041907,2.5495753024419154,2.9469100314776107,100
snr_4,reliability_gain,raw_m7,lpips,-0.024268001007537045,-0.026419286297634237,-0.022166696200457716,100
snr_4,reliability_gain,raw_m7,dino,-0.043316157460212716,-0.05381674647827944,-0.03292078534265359,100
snr_4,reliability_gain,raw_m7,mse,-0.00855888240040292,-0.009582277763310118,-0.007568807377311969,100
snr_4,reliability_gain,raw_m8,psnr_db,1.1592033831278483,1.0445983479022978,1.2801079603036243,100
snr_4,reliability_gain,raw_m8,lpips,0.032387282457202675,0.028920022244720407,0.0359262037028869,100
snr_4,reliability_gain,raw_m8,dino,-0.08316369692484538,-0.09615856272975604,-0.07005666567881903,100
snr_4,reliability_gain,raw_m8,mse,-0.003034956760715241,-0.0034756549607080564,-0.0026244771901277825,100
snr_4,reliability_gain,raw_m9,psnr_db,8.365837535858155,7.784015348116556,8.963945848862329,100
snr_4,reliability_gain,raw_m9,lpips,-0.3542938942338029,-0.37342959685530513,-0.3357165539761385,100
snr_4,reliability_gain,raw_m9,dino,0.6495282059193899,0.6225078202485262,0.6759735554830015,100
snr_4,reliability_gain,raw_m9,mse,-0.05472828644117717,-0.059692020860521014,-0.04991640656771073,100
snr_4,reliability_gain,add,psnr_db,0.0013753064473469756,-0.0014693559010822508,0.004183555285136065,100
snr_4,reliability_gain,add,lpips,-3.603434190154176e-05,-0.0001798039952603486,0.00010864283672223484,100
snr_4,reliability_gain,add,dino,0.0009967714548110983,0.0002370675653219144,0.0017859772344430353,100
snr_4,reliability_gain,add,mse,-2.813541019956224e-06,-7.1759955996336164e-06,1.8613640956270235e-06,100
snr_4,reliability_gain,snr_gain,psnr_db,0.0005707581837970644,-0.00017166479428616066,0.0013234984874723706,100
snr_4,reliability_gain,snr_gain,lpips,7.630440096060221e-05,3.555102149645277e-05,0.00011714670993387435,100
snr_4,reliability_gain,snr_gain,dino,-0.00019653300444284926,-0.00045894069969654383,5.131742358207861e-05,100
snr_4,reliability_gain,snr_gain,mse,-1.7371723273148847e-06,-3.1217722765482367e-06,-3.097403290061731e-07,100
snr_7,add,raw_adaptive,psnr_db,0.027457110087076762,-0.1095918031533559,0.16334932001431773,100
snr_7,add,raw_adaptive,lpips,0.06513664472848175,0.06014226346742362,0.07031522206092874,100
snr_7,add,raw_adaptive,dino,-0.1162543116013209,-0.13018027948339783,-0.10280859436094762,100
snr_7,add,raw_adaptive,mse,-0.00012941454266448462,-0.0003833378128309175,0.00011329175656350723,100
snr_7,add,arithmetic_adaptive,psnr_db,-0.026959733963012714,-0.15672547014554336,0.10007949900627124,100
snr_7,add,arithmetic_adaptive,lpips,0.06649411826084056,0.06165423587585489,0.07158172784745692,100
snr_7,add,arithmetic_adaptive,dino,-0.11823195060094198,-0.1321090334057808,-0.10494434882700446,100
snr_7,add,arithmetic_adaptive,mse,4.152796003009857e-06,-0.0002185151687270245,0.00022567383493635694,100
snr_7,add,perceptual_deepjscc,psnr_db,-4.15838044166565,-4.307915626049042,-4.0071491948763525,100
snr_7,add,perceptual_deepjscc,lpips,0.03606591982146105,0.02710125529300422,0.04521973118962099,100
snr_7,add,perceptual_deepjscc,dino,0.1501048531631629,0.12261278685803216,0.1782538901704053,100
snr_7,add,perceptual_deepjscc,mse,0.005943952972439353,0.00519484569870083,0.00674505419551268,100
snr_7,add,raw_m7,psnr_db,3.0954440911610925,2.8769993905226388,3.313829196770986,100
snr_7,add,raw_m7,lpips,-0.03119671337306499,-0.03368032028650244,-0.028756128441542385,100
snr_7,add,raw_m7,dino,-0.04435755749543507,-0.055203643321990965,-0.03361112481852373,100
snr_7,add,raw_m7,mse,-0.009342056130223719,-0.010464328432879998,-0.008255393355599548,100
snr_7,add,raw_m8,psnr_db,1.505519784291585,1.376008019208908,1.6427619382540386,100
snr_7,add,raw_m8,lpips,0.025466303993016484,0.022060461878310893,0.028928298402732856,100
snr_7,add,raw_m8,dino,-0.08418555219968163,-0.09751569513976575,-0.07081272824605306,100
snr_7,add,raw_m8,mse,-0.003816927733280319,-0.004347805680544514,-0.0033186801648261346,100
snr_7,add,raw_m9,psnr_db,0.027457110087076762,-0.1095918031533559,0.16334932001431773,100
snr_7,add,raw_m9,lpips,0.06513664472848175,0.06014226346742362,0.07031522206092874,100
snr_7,add,raw_m9,dino,-0.1162543116013209,-0.13018027948339783,-0.10280859436094762,100
snr_7,add,raw_m9,mse,-0.00012941454266448462,-0.0003833378128309175,0.00011329175656350723,100
snr_7,add,snr_gain,psnr_db,-0.0014212290445963839,-0.004284684578577583,0.0016128225326537233,100
snr_7,add,snr_gain,lpips,0.00011517665659388211,-2.143514947965453e-05,0.00025006028730422693,100
snr_7,add,snr_gain,dino,-0.0013661287228266417,-0.0020721975962320937,-0.0006591263363758821,100
snr_7,add,snr_gain,mse,2.6949487316110776e-06,-2.1817027591170406e-06,7.080513120551247e-06,100
snr_7,snr_gain,raw_adaptive,psnr_db,0.028878339131673147,-0.1076561614672345,0.1645876606305439,100
snr_7,snr_gain,raw_adaptive,lpips,0.06502146807188787,0.06004388588697959,0.0701877127646779,100
snr_7,snr_gain,raw_adaptive,dino,-0.11488818287849428,-0.12887443919976552,-0.10146365833779179,100
snr_7,snr_gain,raw_adaptive,mse,-0.00013210949139609565,-0.00038545656798245437,0.00011031054524106217,100
snr_7,snr_gain,arithmetic_adaptive,psnr_db,-0.02553850491841633,-0.15446479050318393,0.1008224006493887,100
snr_7,snr_gain,arithmetic_adaptive,lpips,0.06637894160424668,0.06156022555675978,0.07143220121941218,100
snr_7,snr_gain,arithmetic_adaptive,dino,-0.11686582187811533,-0.13073935462037722,-0.10359050339957077,100
snr_7,snr_gain,arithmetic_adaptive,mse,1.4578472713987601e-06,-0.00022032081620314896,0.00022203370992522655,100
snr_7,snr_gain,perceptual_deepjscc,psnr_db,-4.156959212621053,-4.3064451159636175,-4.00646247935295,100
snr_7,snr_gain,perceptual_deepjscc,lpips,0.03595074316486717,0.02702265337357918,0.045062665529393905,100
snr_7,snr_gain,perceptual_deepjscc,dino,0.1514709818859895,0.12377585957199334,0.17972589704642694,100
snr_7,snr_gain,perceptual_deepjscc,mse,0.005941258023707742,0.005191997884652878,0.006740990579013149,100
snr_7,snr_gain,raw_m7,psnr_db,3.096865320205689,2.8787096855640413,3.3142686738967893,100
snr_7,snr_gain,raw_m7,lpips,-0.03131189002965888,-0.03381120149092749,-0.02886976378674929,100
snr_7,snr_gain,raw_m7,dino,-0.04299142877260844,-0.053847018430630354,-0.03222391819953918,100
snr_7,snr_gain,raw_m7,mse,-0.00934475107895533,-0.010465511394378756,-0.008257591477695387,100
snr_7,snr_gain,raw_m8,psnr_db,1.5069410133361814,1.3778818318843844,1.644221071322759,100
snr_7,snr_gain,raw_m8,lpips,0.025351127336422596,0.021949731834543247,0.028802626887646808,100
snr_7,snr_gain,raw_m8,dino,-0.08281942347685495,-0.09626080467800299,-0.06946070732176304,100
snr_7,snr_gain,raw_m8,mse,-0.0038196226820119304,-0.004349597290836885,-0.0033225771576013237,100
snr_7,snr_gain,raw_m9,psnr_db,0.028878339131673147,-0.1076561614672345,0.1645876606305439,100
snr_7,snr_gain,raw_m9,lpips,0.06502146807188787,0.06004388588697959,0.0701877127646779,100
snr_7,snr_gain,raw_m9,dino,-0.11488818287849428,-0.12887443919976552,-0.10146365833779179,100
snr_7,snr_gain,raw_m9,mse,-0.00013210949139609565,-0.00038545656798245437,0.00011031054524106217,100
snr_7,snr_gain,add,psnr_db,0.0014212290445963839,-0.0016128225326537265,0.00428468457857758,100
snr_7,snr_gain,add,lpips,-0.00011517665659388211,-0.000250060287304227,2.1435149479654515e-05,100
snr_7,snr_gain,add,dino,0.0013661287228266417,0.0006591263363758818,0.0020721975962320937,100
snr_7,snr_gain,add,mse,-2.6949487316110776e-06,-7.08051312055125e-06,2.1817027591170377e-06,100
snr_7,reliability_gain,raw_adaptive,psnr_db,0.0295306205749511,-0.1073916445573172,0.16554868197441092,100
snr_7,reliability_gain,raw_adaptive,lpips,0.06510958266134063,0.06014566236532604,0.07026129061635585,100
snr_7,reliability_gain,raw_adaptive,dino,-0.1152205640077591,-0.12915127562979856,-0.10184537805616853,100
snr_7,reliability_gain,raw_adaptive,mse,-0.00013336470778350666,-0.0003859123293554706,0.0001093053334119954,100
snr_7,reliability_gain,arithmetic_adaptive,psnr_db,-0.024886223475138376,-0.15383110801378877,0.10172336530685427,100
snr_7,reliability_gain,arithmetic_adaptive,lpips,0.06646705619369944,0.06162786570967486,0.0715166211524047,100
snr_7,reliability_gain,arithmetic_adaptive,dino,-0.11719820300738017,-0.13106958332657812,-0.10386540614565212,100
snr_7,reliability_gain,arithmetic_adaptive,mse,2.026308839878782e-07,-0.00022166008116262774,0.00022105655253092736,100
snr_7,reliability_gain,perceptual_deepjscc,psnr_db,-4.156306931177775,-4.305652088801067,-4.005632575432459,100
snr_7,reliability_gain,perceptual_deepjscc,lpips,0.036038857754319906,0.02710478220585113,0.04516873464717841,100
snr_7,reliability_gain,perceptual_deepjscc,dino,0.15113860075672467,0.12347600641846655,0.17946345093473792,100
snr_7,reliability_gain,perceptual_deepjscc,mse,0.005940002807320332,0.0051914756110608635,0.006739557166546328,100
snr_7,reliability_gain,raw_m7,psnr_db,3.0975176016489665,2.8788080073197677,3.314859741608302,100
snr_7,reliability_gain,raw_m7,lpips,-0.03122377544020613,-0.03373463281275083,-0.02878172674154242,100
snr_7,reliability_gain,raw_m7,dino,-0.043323809901873275,-0.05417484560112159,-0.03251442704598109,100
snr_7,reliability_gain,raw_m7,mse,-0.009346006295342739,-0.010465915710228478,-0.00825853428384322,100
snr_7,reliability_gain,raw_m8,psnr_db,1.5075932947794595,1.3782708450953167,1.644944460630417,100
snr_7,reliability_gain,raw_m8,lpips,0.025439241925875343,0.02203935370283823,0.028897169944209364,100
snr_7,reliability_gain,raw_m8,dino,-0.08315180460611979,-0.09662782945235569,-0.06986621086299419,100
snr_7,reliability_gain,raw_m8,mse,-0.0038208778983993418,-0.004350911393075517,-0.003323356658880208,100
snr_7,reliability_gain,raw_m9,psnr_db,0.0295306205749511,-0.1073916445573172,0.16554868197441092,100
snr_7,reliability_gain,raw_m9,lpips,0.06510958266134063,0.06014566236532604,0.07026129061635585,100
snr_7,reliability_gain,raw_m9,dino,-0.1152205640077591,-0.12915127562979856,-0.10184537805616853,100
snr_7,reliability_gain,raw_m9,mse,-0.00013336470778350666,-0.0003859123293554706,0.0001093053334119954,100
snr_7,reliability_gain,add,psnr_db,0.002073510487874337,-0.001372351725896356,0.00551202011108395,100
snr_7,reliability_gain,add,lpips,-2.706206714113462e-05,-0.00018154496653005386,0.0001290209571210079,100
snr_7,reliability_gain,add,dino,0.0010337475935618134,0.00022200334072113156,0.001851598506172507,100
snr_7,reliability_gain,add,mse,-3.9501651190220365e-06,-9.008866191531117e-06,1.3935664804497743e-06,100
snr_7,reliability_gain,snr_gain,psnr_db,0.0006522814432779533,-0.0002239971955619828,0.0015313119093577686,100
snr_7,reliability_gain,snr_gain,lpips,8.811458945274748e-05,4.438512306660924e-05,0.0001305891113976661,100
snr_7,reliability_gain,snr_gain,dino,-0.0003323811292648282,-0.0006080219497283248,-6.031666696071129e-05,100
snr_7,reliability_gain,snr_gain,mse,-1.255216387410959e-06,-2.708378257617941e-06,2.6272207226921403e-07,100
snr_13,add,raw_adaptive,psnr_db,0.32495575269063326,0.18945535016059886,0.45823888262112955,100
snr_13,add,raw_adaptive,lpips,0.058999627760301036,0.05430723841659104,0.06381065611184264,100
snr_13,add,raw_adaptive,dino,-0.11732275207837421,-0.13133255731066065,-0.10389392375946045,100
snr_13,add,raw_adaptive,mse,-0.0007338084228554801,-0.0009955369114825721,-0.00048270116420498504,100
snr_13,add,arithmetic_adaptive,psnr_db,0.32495575269063326,0.18945535016059886,0.45823888262112955,100
snr_13,add,arithmetic_adaptive,lpips,0.058999627760301036,0.05430723841659104,0.06381065611184264,100
snr_13,add,arithmetic_adaptive,dino,-0.11732275207837421,-0.13133255731066065,-0.10389392375946045,100
snr_13,add,arithmetic_adaptive,mse,-0.0007338084228554801,-0.0009955369114825721,-0.00048270116420498504,100
snr_13,add,perceptual_deepjscc,psnr_db,-4.898588666915893,-5.094350168387096,-4.703222443501155,100
snr_13,add,perceptual_deepjscc,lpips,0.05624742766842246,0.04713377545479064,0.06556582070918132,100
snr_13,add,perceptual_deepjscc,dino,0.06138272846738497,0.03602642134577035,0.08747364825507006,100
snr_13,add,perceptual_deepjscc,mse,0.0059405464507483255,0.005193140599361537,0.0067404580001778295,100
snr_13,add,raw_m7,psnr_db,3.466984294255575,3.224411484400432,3.7097638018925996,100
snr_13,add,raw_m7,lpips,-0.03890909719591339,-0.041896233705648545,-0.035968131274450574,100
snr_13,add,raw_m7,dino,-0.04336564739545187,-0.05447927380601565,-0.032443533142407735,100
snr_13,add,raw_m7,mse,-0.010111144226403095,-0.01133086677558853,-0.008933064236928495,100
snr_13,add,raw_m8,psnr_db,1.8770599873860678,1.7257603863080344,2.0340552419026694,100
snr_13,add,raw_m8,lpips,0.017753920170168084,0.014294415597183007,0.02120731791791817,100
snr_13,add,raw_m8,dino,-0.08319364209969837,-0.0964167226999998,-0.06961035200456779,100
snr_13,add,raw_m8,mse,-0.004586015829459698,-0.005213536493459256,-0.003997501735174158,100
snr_13,add,raw_m9,psnr_db,0.32495575269063326,0.18945535016059886,0.45823888262112955,100
snr_13,add,raw_m9,lpips,0.058999627760301036,0.05430723841659104,0.06381065611184264,100
snr_13,add,raw_m9,dino,-0.11732275207837421,-0.13133255731066065,-0.10389392375946045,100
snr_13,add,raw_m9,mse,-0.0007338084228554801,-0.0009955369114825721,-0.00048270116420498504,100
snr_13,add,snr_gain,psnr_db,-0.002261276245116939,-0.005742433547973378,0.001601738452911607,100
snr_13,add,snr_gain,lpips,0.00013759229953090414,-2.112687084202818e-05,0.0002995709249128902,100
snr_13,add,snr_gain,dino,-0.0008998759587605809,-0.0017195034027099572,-7.696863512198525e-05,100
snr_13,add,snr_gain,mse,4.061936245610345e-06,-2.024999645072959e-06,9.57929644694882e-06,100
snr_13,snr_gain,raw_adaptive,psnr_db,0.3272170289357501,0.19094070704778035,0.46027462959289545,100
snr_13,snr_gain,raw_adaptive,lpips,0.058862035460770123,0.05421737391160179,0.06364814079118271,100
snr_13,snr_gain,raw_adaptive,dino,-0.11642287611961365,-0.13039143899579841,-0.1030618673960368,100
snr_13,snr_gain,raw_adaptive,mse,-0.0007378703591010903,-0.0009973651041244795,-0.000485293677467078,100
snr_13,snr_gain,arithmetic_adaptive,psnr_db,0.3272170289357501,0.19094070704778035,0.46027462959289545,100
snr_13,snr_gain,arithmetic_adaptive,lpips,0.058862035460770123,0.05421737391160179,0.06364814079118271,100
snr_13,snr_gain,arithmetic_adaptive,dino,-0.11642287611961365,-0.13039143899579841,-0.1030618673960368,100
snr_13,snr_gain,arithmetic_adaptive,mse,-0.0007378703591010903,-0.0009973651041244795,-0.000485293677467078,100
snr_13,snr_gain,perceptual_deepjscc,psnr_db,-4.896327390670777,-5.092136566797892,-4.700770447095234,100
snr_13,snr_gain,perceptual_deepjscc,lpips,0.05610983536889156,0.04698168860189616,0.06540699809044598,100
snr_13,snr_gain,perceptual_deepjscc,dino,0.06228260442614555,0.03706864394620061,0.08835589593524733,100
snr_13,snr_gain,perceptual_deepjscc,mse,0.005936484514502715,0.005190083236262286,0.006738357073945692,100
snr_13,snr_gain,raw_m7,psnr_db,3.4692455705006915,3.2265277577241256,3.7107081148624426,100
snr_13,snr_gain,raw_m7,lpips,-0.0390466894954443,-0.042028676928021015,-0.03610515789842854,100
snr_13,snr_gain,raw_m7,dino,-0.04246577143669129,-0.0536859319259723,-0.0314518122971058,100
snr_13,snr_gain,raw_m7,mse,-0.010115206162648707,-0.011331805481269755,-0.008935371713443838,100
snr_13,snr_gain,raw_m8,psnr_db,1.879321263631185,1.727952253103256,2.0370793497562403,100
snr_13,snr_gain,raw_m8,lpips,0.017616327870637175,0.014179596366050344,0.021052312227121242,100
snr_13,snr_gain,raw_m8,dino,-0.0822937661409378,-0.09554401011765001,-0.06867240182061989,100
snr_13,snr_gain,raw_m8,mse,-0.004590077765705308,-0.005216505436788045,-0.004002495699219082,100
snr_13,snr_gain,raw_m9,psnr_db,0.3272170289357501,0.19094070704778035,0.46027462959289545,100
snr_13,snr_gain,raw_m9,lpips,0.058862035460770123,0.05421737391160179,0.06364814079118271,100
snr_13,snr_gain,raw_m9,dino,-0.11642287611961365,-0.13039143899579841,-0.1030618673960368,100
snr_13,snr_gain,raw_m9,mse,-0.0007378703591010903,-0.0009973651041244795,-0.000485293677467078,100
snr_13,snr_gain,add,psnr_db,0.002261276245116939,-0.0016017384529116079,0.005742433547973378,100
snr_13,snr_gain,add,lpips,-0.00013759229953090414,-0.0002995709249128902,2.1126870842028108e-05,100
snr_13,snr_gain,add,dino,0.0008998759587605809,7.696863512198479e-05,0.0017195034027099572,100
snr_13,snr_gain,add,mse,-4.061936245610345e-06,-9.579296446948824e-06,2.0249996450729587e-06,100
snr_13,reliability_gain,raw_adaptive,psnr_db,0.3272158972422281,0.1907930223147074,0.4600066227118171,100
snr_13,reliability_gain,raw_adaptive,lpips,0.05897072527557611,0.05430713909802337,0.06375749532878397,100
snr_13,reliability_gain,raw_adaptive,dino,-0.11701249937216442,-0.1310420680095752,-0.10364753762880961,100
snr_13,reliability_gain,raw_adaptive,mse,-0.0007374815546271761,-0.0009965768575136147,-0.0004850276198312467,100
snr_13,reliability_gain,arithmetic_adaptive,psnr_db,0.3272158972422281,0.1907930223147074,0.4600066227118171,100
snr_13,reliability_gain,arithmetic_adaptive,lpips,0.05897072527557611,0.05430713909802337,0.06375749532878397,100
snr_13,reliability_gain,arithmetic_adaptive,dino,-0.11701249937216442,-0.1310420680095752,-0.10364753762880961,100
snr_13,reliability_gain,arithmetic_adaptive,mse,-0.0007374815546271761,-0.0009965768575136147,-0.0004850276198312467,100
snr_13,reliability_gain,perceptual_deepjscc,psnr_db,-4.896328522364298,-5.092274549563726,-4.700329055706661,100
snr_13,reliability_gain,perceptual_deepjscc,lpips,0.05621852518369754,0.04707502511640389,0.0655391155689334,100
snr_13,reliability_gain,perceptual_deepjscc,dino,0.06169298117359479,0.03643024398138125,0.08772477993369099,100
snr_13,reliability_gain,perceptual_deepjscc,mse,0.0059368733189766295,0.005189929626049088,0.00673843152121901,100
snr_13,reliability_gain,raw_m7,psnr_db,3.469244438807169,3.2266153517564136,3.7106468122005456,100
snr_13,reliability_gain,raw_m7,lpips,-0.03893799968063831,-0.04191706789502254,-0.03599279862921685,100
snr_13,reliability_gain,raw_m7,dino,-0.04305539468924203,-0.05436203660070896,-0.03197336561481159,100
snr_13,reliability_gain,raw_m7,mse,-0.010114817358174792,-0.011328810500137784,-0.008936260469289317,100
snr_13,reliability_gain,raw_m8,psnr_db,1.8793201319376627,1.728079333305359,2.0370342857837676,100
snr_13,reliability_gain,raw_m8,lpips,0.017725017685443163,0.014282372145137438,0.021164864281658084,100
snr_13,reliability_gain,raw_m8,dino,-0.08288338939348856,-0.09625244202216465,-0.0693414818843206,100
snr_13,reliability_gain,raw_m8,mse,-0.004589688961231394,-0.005215639225957047,-0.0040022147137435075,100
snr_13,reliability_gain,raw_m9,psnr_db,0.3272158972422281,0.1907930223147074,0.4600066227118171,100
snr_13,reliability_gain,raw_m9,lpips,0.05897072527557611,0.05430713909802337,0.06375749532878397,100
snr_13,reliability_gain,raw_m9,dino,-0.11701249937216442,-0.1310420680095752,-0.10364753762880961,100
snr_13,reliability_gain,raw_m9,mse,-0.0007374815546271761,-0.0009965768575136147,-0.0004850276198312467,100
snr_13,reliability_gain,add,psnr_db,0.0022601445515947915,-0.002201485236486088,0.006483468770980588,100
snr_13,reliability_gain,add,lpips,-2.8902484724920296e-05,-0.0002201561344166616,0.0001614931981700136,100
snr_13,reliability_gain,add,dino,0.00031025270620981595,-0.0007128122051556977,0.001323530967036882,100
snr_13,reliability_gain,add,mse,-3.673131771696033e-06,-9.990980421813788e-06,3.2166354067159836e-06,100
snr_13,reliability_gain,snr_gain,psnr_db,-1.1316935221472591e-06,-0.0011060355504351877,0.0011084597905478297,100
snr_13,reliability_gain,snr_gain,lpips,0.00010868981480598384,5.156202552219203e-05,0.0001665273165951169,100
snr_13,reliability_gain,snr_gain,dino,-0.000589623252550765,-0.0009734214544296294,-0.00023657164971034402,100
snr_13,reliability_gain,snr_gain,mse,3.8880447391431226e-07,-1.2890993772694207e-06,2.1407925426804014e-06,100
snr_19,add,raw_adaptive,psnr_db,0.4504726250966391,0.3109580694039665,0.5880368919372561,100
snr_19,add,raw_adaptive,lpips,0.05605341397846739,0.05145262892156219,0.06081342215960224,100
snr_19,add,raw_adaptive,dino,-0.11314865946769713,-0.12687845431268216,-0.09993064760665096,100
snr_19,add,raw_adaptive,mse,-0.0009751884680459337,-0.0012584795653133509,-0.0007068054617428532,100
snr_19,add,arithmetic_adaptive,psnr_db,0.4504726250966391,0.3109580694039665,0.5880368919372561,100
snr_19,add,arithmetic_adaptive,lpips,0.05605341397846739,0.05145262892156219,0.06081342215960224,100
snr_19,add,arithmetic_adaptive,dino,-0.11314865946769713,-0.12687845431268216,-0.09993064760665096,100
snr_19,add,arithmetic_adaptive,mse,-0.0009751884680459337,-0.0012584795653133509,-0.0007068054617428532,100
snr_19,add,perceptual_deepjscc,psnr_db,-5.1890464115142825,-5.409394561926523,-4.971670263926189,100
snr_19,add,perceptual_deepjscc,lpips,0.06157783295959235,0.052376126711256805,0.07096013985636333,100
snr_19,add,perceptual_deepjscc,dino,0.03794594377279282,0.013093795555333304,0.06348151591420173,100
snr_19,add,perceptual_deepjscc,mse,0.005932248516004301,0.005187121177530059,0.0067329961697244305,100
snr_19,add,raw_m7,psnr_db,3.59250116666158,3.3403661422729494,3.84211889688174,100
snr_19,add,raw_m7,lpips,-0.04185531097774704,-0.045045435417598735,-0.038712948790596176,100
snr_19,add,raw_m7,dino,-0.039191554784774776,-0.049960423787434885,-0.028464551091194147,100
snr_19,add,raw_m7,mse,-0.010352524271593548,-0.01159783355783552,-0.009144654383156644,100
snr_19,add,raw_m8,psnr_db,2.0025768597920734,1.8415606220563256,2.167409949938456,100
snr_19,add,raw_m8,lpips,0.014807706388334434,0.011285735510289673,0.01828918224573135,100
snr_19,add,raw_m8,dino,-0.07901954948902129,-0.09199323267241319,-0.0658020597199599,100
snr_19,add,raw_m8,mse,-0.004827395874650151,-0.005484335654230263,-0.004211450708338704,100
snr_19,add,raw_m9,psnr_db,0.4504726250966391,0.3109580694039665,0.5880368919372561,100
snr_19,add,raw_m9,lpips,0.05605341397846739,0.05145262892156219,0.06081342215960224,100
snr_19,add,raw_m9,dino,-0.11314865946769713,-0.12687845431268216,-0.09993064760665096,100
snr_19,add,raw_m9,mse,-0.0009751884680459337,-0.0012584795653133509,-0.0007068054617428532,100
snr_19,add,snr_gain,psnr_db,-0.0030022557576496922,-0.00682723283767704,0.0012136065165201282,100
snr_19,add,snr_gain,lpips,0.0001617712837954368,-1.027504261582937e-05,0.0003354733674786997,100
snr_19,add,snr_gain,dino,-0.0008291814724604218,-0.001691175351540241,1.764579614004855e-05,100
snr_19,add,snr_gain,mse,5.078724158617401e-06,-1.5736908389953123e-06,1.112961726418381e-05,100
snr_19,snr_gain,raw_adaptive,psnr_db,0.4534748808542888,0.3137282409667969,0.5918286190827685,100
snr_19,snr_gain,raw_adaptive,lpips,0.05589164269467194,0.05131983075880757,0.060617537762659296,100
snr_19,snr_gain,raw_adaptive,dino,-0.11231947799523673,-0.12595786618689697,-0.09913419226308665,100
snr_19,snr_gain,raw_adaptive,mse,-0.0009802671922045508,-0.0012623765696186799,-0.0007114438990068999,100
snr_19,snr_gain,arithmetic_adaptive,psnr_db,0.4534748808542888,0.3137282409667969,0.5918286190827685,100
snr_19,snr_gain,arithmetic_adaptive,lpips,0.05589164269467194,0.05131983075880757,0.060617537762659296,100
snr_19,snr_gain,arithmetic_adaptive,dino,-0.11231947799523673,-0.12595786618689697,-0.09913419226308665,100
snr_19,snr_gain,arithmetic_adaptive,mse,-0.0009802671922045508,-0.0012623765696186799,-0.0007114438990068999,100
snr_19,snr_gain,perceptual_deepjscc,psnr_db,-5.186044155756633,-5.407358899752298,-4.968295265833537,100
snr_19,snr_gain,perceptual_deepjscc,lpips,0.0614160616757969,0.05222016570484266,0.07073953051632269,100
snr_19,snr_gain,perceptual_deepjscc,dino,0.03877512524525324,0.013932412435611092,0.06440649771938721,100
snr_19,snr_gain,perceptual_deepjscc,mse,0.005927169791845686,0.005182237779741867,0.006729622993492088,100
snr_19,snr_gain,raw_m7,psnr_db,3.59550342241923,3.3438009090423586,3.8444022329648337,100
snr_19,snr_gain,raw_m7,lpips,-0.04201708226154248,-0.045173189928134266,-0.03888937605358661,100
snr_19,snr_gain,raw_m7,dino,-0.03836237331231435,-0.04930757453044256,-0.027603728239734972,100
snr_19,snr_gain,raw_m7,mse,-0.010357602995752169,-0.01160069990190314,-0.00914751740508395,100
snr_19,snr_gain,raw_m8,psnr_db,2.005579115549723,1.8458799417813623,2.1703120385011037,100
snr_19,snr_gain,raw_m8,lpips,0.014645935104538996,0.011132406023951866,0.01811704324946428,100
snr_19,snr_gain,raw_m8,dino,-0.07819036801656087,-0.09121868339677651,-0.06492896972099942,100
snr_19,snr_gain,raw_m8,mse,-0.004832474598808769,-0.005488269626066756,-0.0042185146687481,100
snr_19,snr_gain,raw_m9,psnr_db,0.4534748808542888,0.3137282409667969,0.5918286190827685,100
snr_19,snr_gain,raw_m9,lpips,0.05589164269467194,0.05131983075880757,0.060617537762659296,100
snr_19,snr_gain,raw_m9,dino,-0.11231947799523673,-0.12595786618689697,-0.09913419226308665,100
snr_19,snr_gain,raw_m9,mse,-0.0009802671922045508,-0.0012623765696186799,-0.0007114438990068999,100
snr_19,snr_gain,add,psnr_db,0.0030022557576496922,-0.001213606516520133,0.006827232837677039,100
snr_19,snr_gain,add,lpips,-0.0001617712837954368,-0.00033547336747869974,1.0275042615829254e-05,100
snr_19,snr_gain,add,dino,0.0008291814724604218,-1.7645796140048626e-05,0.001691175351540241,100
snr_19,snr_gain,add,mse,-5.078724158617401e-06,-1.1129617264183814e-05,1.5736908389953114e-06,100
snr_19,reliability_gain,raw_adaptive,psnr_db,0.4538837019602458,0.31402716604868564,0.5925999661286668,100
snr_19,reliability_gain,raw_adaptive,lpips,0.05594481850042939,0.05137158080128332,0.06065700957085937,100
snr_19,reliability_gain,raw_adaptive,dino,-0.11272500038146972,-0.1263800445149342,-0.0995863046348095,100
snr_19,reliability_gain,raw_adaptive,mse,-0.00098015867566231,-0.0012617874395705504,-0.0007122528965348358,100
snr_19,reliability_gain,arithmetic_adaptive,psnr_db,0.4538837019602458,0.31402716604868564,0.5925999661286668,100
snr_19,reliability_gain,arithmetic_adaptive,lpips,0.05594481850042939,0.05137158080128332,0.06065700957085937,100
snr_19,reliability_gain,arithmetic_adaptive,dino,-0.11272500038146972,-0.1263800445149342,-0.0995863046348095,100
snr_19,reliability_gain,arithmetic_adaptive,mse,-0.00098015867566231,-0.0012617874395705504,-0.0007122528965348358,100
snr_19,reliability_gain,perceptual_deepjscc,psnr_db,-5.1856353346506765,-5.406826937119165,-4.968108416080475,100
snr_19,reliability_gain,perceptual_deepjscc,lpips,0.061469237481554355,0.052264501958775016,0.07078116322401912,100
snr_19,reliability_gain,perceptual_deepjscc,dino,0.03836960285902024,0.013568432149787748,0.0639222866197427,100
snr_19,reliability_gain,perceptual_deepjscc,mse,0.005927278308387927,0.005182495144879422,0.006729182617865299,100
snr_19,reliability_gain,raw_m7,psnr_db,3.5959122435251873,3.3439805757204697,3.844237762212753,100
snr_19,reliability_gain,raw_m7,lpips,-0.04196390645578504,-0.045140523345985756,-0.03885096163721755,100
snr_19,reliability_gain,raw_m7,dino,-0.03876789569854736,-0.049762691766023645,-0.027983668133616444,100
snr_19,reliability_gain,raw_m7,mse,-0.010357494479209927,-0.01160018183689753,-0.009148383008590787,100
snr_19,reliability_gain,raw_m8,psnr_db,2.00598793665568,1.8465106633504231,2.1709587487379713,100
snr_19,reliability_gain,raw_m8,lpips,0.01469911091029644,0.011200916724900405,0.018168220402052005,100
snr_19,reliability_gain,raw_m8,dino,-0.07859589040279388,-0.09164629680414996,-0.06545981042087078,100
snr_19,reliability_gain,raw_m8,mse,-0.004832366082266528,-0.005487755447658849,-0.004217841353144576,100
snr_19,reliability_gain,raw_m9,psnr_db,0.4538837019602458,0.31402716604868564,0.5925999661286668,100
snr_19,reliability_gain,raw_m9,lpips,0.05594481850042939,0.05137158080128332,0.06065700957085937,100
snr_19,reliability_gain,raw_m9,dino,-0.11272500038146972,-0.1263800445149342,-0.0995863046348095,100
snr_19,reliability_gain,raw_m9,mse,-0.00098015867566231,-0.0012617874395705504,-0.0007122528965348358,100
snr_19,reliability_gain,add,psnr_db,0.00341107686360667,-0.0016087032953899841,0.008098898728688355,100
snr_19,reliability_gain,add,lpips,-0.00010859547803799344,-0.0003155531072989131,9.273535696168645e-05,100
snr_19,reliability_gain,add,dino,0.00042365908622741367,-0.0006344743520021515,0.0014672028770049382,100
snr_19,reliability_gain,add,mse,-4.970207616376399e-06,-1.200624102784783e-05,2.669307073422956e-06,100
snr_19,reliability_gain,snr_gain,psnr_db,0.00040882110595697797,-0.0007838756243388652,0.0016199374198914815,100
snr_19,reliability_gain,snr_gain,lpips,5.3175805757443364e-05,-8.790151992189361e-06,0.00011511857373019162,100
snr_19,reliability_gain,snr_gain,dino,-0.0004055223862330082,-0.0008142953217029575,-2.5204295913376872e-05,100
snr_19,reliability_gain,snr_gain,mse,1.0851654224100222e-07,-1.626179175218504e-06,1.918711728649205e-06,100
