method,snr_db,N,E_mean,E_min,E_p05,E_p95,E_max,mean_energy_per_use,constraint,table_sha256
token-efficiency-digital-v1/arithmetic/16QAM/N2048/m10,1,2048,4091.544,3936.0,4011.2,4169.6,4232.0,1.99782421875,fixed_constellation_average_2_per_symbol,87a84ab2cf0f15d30d3bdd5d788c4df0014fe6b0dd3159b2b410095cc84e11a2
token-efficiency-digital-v1/arithmetic/16QAM/N2048/m10,4,2048,4091.544,3936.0,4011.2,4169.6,4232.0,1.99782421875,fixed_constellation_average_2_per_symbol,87a84ab2cf0f15d30d3bdd5d788c4df0014fe6b0dd3159b2b410095cc84e11a2
token-efficiency-digital-v1/arithmetic/16QAM/N2048/m10,7,2048,4091.544,3936.0,4011.2,4169.6,4232.0,1.99782421875,fixed_constellation_average_2_per_symbol,87a84ab2cf0f15d30d3bdd5d788c4df0014fe6b0dd3159b2b410095cc84e11a2
token-efficiency-digital-v1/arithmetic/16QAM/N2048/m10,13,2048,4091.544,3936.0,4011.2,4169.6,4232.0,1.99782421875,fixed_constellation_average_2_per_symbol,87a84ab2cf0f15d30d3bdd5d788c4df0014fe6b0dd3159b2b410095cc84e11a2
token-efficiency-digital-v1/arithmetic/16QAM/N2048/m10,19,2048,4091.544,3936.0,4011.2,4169.6,4232.0,1.99782421875,fixed_constellation_average_2_per_symbol,87a84ab2cf0f15d30d3bdd5d788c4df0014fe6b0dd3159b2b410095cc84e11a2
token-efficiency-digital-v1/arithmetic/16QAM/N2048/m6,1,2048,4094.5456000000004,3822.4,3984.0,4209.68,4324.8,1.9992898437500002,fixed_constellation_average_2_per_symbol,87a84ab2cf0f15d30d3bdd5d788c4df0014fe6b0dd3159b2b410095cc84e11a2
token-efficiency-digital-v1/arithmetic/16QAM/N2048/m6,4,2048,4094.5456000000004,3822.4,3984.0,4209.68,4324.8,1.9992898437500002,fixed_constellation_average_2_per_symbol,87a84ab2cf0f15d30d3bdd5d788c4df0014fe6b0dd3159b2b410095cc84e11a2
token-efficiency-digital-v1/arithmetic/16QAM/N2048/m6,7,2048,4094.5456000000004,3822.4,3984.0,4209.68,4324.8,1.9992898437500002,fixed_constellation_average_2_per_symbol,87a84ab2cf0f15d30d3bdd5d788c4df0014fe6b0dd3159b2b410095cc84e11a2
token-efficiency-digital-v1/arithmetic/16QAM/N2048/m6,13,2048,4094.5456000000004,3822.4,3984.0,4209.68,4324.8,1.9992898437500002,fixed_constellation_average_2_per_symbol,87a84ab2cf0f15d30d3bdd5d788c4df0014fe6b0dd3159b2b410095cc84e11a2
token-efficiency-digital-v1/arithmetic/16QAM/N2048/m6,19,2048,4094.5456000000004,3822.4,3984.0,4209.68,4324.8,1.9992898437500002,fixed_constellation_average_2_per_symbol,87a84ab2cf0f15d30d3bdd5d788c4df0014fe6b0dd3159b2b410095cc84e11a2
token-efficiency-digital-v1/arithmetic/16QAM/N2048/m7,1,2048,4095.6256000000003,3908.8,3996.72,4190.4,4308.8,1.9998171875000001,fixed_constellation_average_2_per_symbol,87a84ab2cf0f15d30d3bdd5d788c4df0014fe6b0dd3159b2b410095cc84e11a2
token-efficiency-digital-v1/arithmetic/16QAM/N2048/m7,4,2048,4095.6256000000003,3908.8,3996.72,4190.4,4308.8,1.9998171875000001,fixed_constellation_average_2_per_symbol,87a84ab2cf0f15d30d3bdd5d788c4df0014fe6b0dd3159b2b410095cc84e11a2
token-efficiency-digital-v1/arithmetic/16QAM/N2048/m7,7,2048,4095.6256000000003,3908.8,3996.72,4190.4,4308.8,1.9998171875000001,fixed_constellation_average_2_per_symbol,87a84ab2cf0f15d30d3bdd5d788c4df0014fe6b0dd3159b2b410095cc84e11a2
token-efficiency-digital-v1/arithmetic/16QAM/N2048/m7,13,2048,4095.6256000000003,3908.8,3996.72,4190.4,4308.8,1.9998171875000001,fixed_constellation_average_2_per_symbol,87a84ab2cf0f15d30d3bdd5d788c4df0014fe6b0dd3159b2b410095cc84e11a2
token-efficiency-digital-v1/arithmetic/16QAM/N2048/m7,19,2048,4095.6256000000003,3908.8,3996.72,4190.4,4308.8,1.9998171875000001,fixed_constellation_average_2_per_symbol,87a84ab2cf0f15d30d3bdd5d788c4df0014fe6b0dd3159b2b410095cc84e11a2
token-efficiency-digital-v1/arithmetic/16QAM/N2048/m8,1,2048,4095.8096,3952.0,4016.0,4168.0,4233.599999999999,1.99990703125,fixed_constellation_average_2_per_symbol,87a84ab2cf0f15d30d3bdd5d788c4df0014fe6b0dd3159b2b410095cc84e11a2
token-efficiency-digital-v1/arithmetic/16QAM/N2048/m8,4,2048,4095.8096,3952.0,4016.0,4168.0,4233.599999999999,1.99990703125,fixed_constellation_average_2_per_symbol,87a84ab2cf0f15d30d3bdd5d788c4df0014fe6b0dd3159b2b410095cc84e11a2
token-efficiency-digital-v1/arithmetic/16QAM/N2048/m8,7,2048,4095.8096,3952.0,4016.0,4168.0,4233.599999999999,1.99990703125,fixed_constellation_average_2_per_symbol,87a84ab2cf0f15d30d3bdd5d788c4df0014fe6b0dd3159b2b410095cc84e11a2
token-efficiency-digital-v1/arithmetic/16QAM/N2048/m8,13,2048,4095.8096,3952.0,4016.0,4168.0,4233.599999999999,1.99990703125,fixed_constellation_average_2_per_symbol,87a84ab2cf0f15d30d3bdd5d788c4df0014fe6b0dd3159b2b410095cc84e11a2
token-efficiency-digital-v1/arithmetic/16QAM/N2048/m8,19,2048,4095.8096,3952.0,4016.0,4168.0,4233.599999999999,1.99990703125,fixed_constellation_average_2_per_symbol,87a84ab2cf0f15d30d3bdd5d788c4df0014fe6b0dd3159b2b410095cc84e11a2
token-efficiency-digital-v1/arithmetic/16QAM/N2048/m9,1,2048,4095.408,3947.2,4014.3199999999997,4176.0,4257.6,1.9997109375,fixed_constellation_average_2_per_symbol,87a84ab2cf0f15d30d3bdd5d788c4df0014fe6b0dd3159b2b410095cc84e11a2
token-efficiency-digital-v1/arithmetic/16QAM/N2048/m9,4,2048,4095.408,3947.2,4014.3199999999997,4176.0,4257.6,1.9997109375,fixed_constellation_average_2_per_symbol,87a84ab2cf0f15d30d3bdd5d788c4df0014fe6b0dd3159b2b410095cc84e11a2
token-efficiency-digital-v1/arithmetic/16QAM/N2048/m9,7,2048,4095.408,3947.2,4014.3199999999997,4176.0,4257.6,1.9997109375,fixed_constellation_average_2_per_symbol,87a84ab2cf0f15d30d3bdd5d788c4df0014fe6b0dd3159b2b410095cc84e11a2
token-efficiency-digital-v1/arithmetic/16QAM/N2048/m9,13,2048,4095.408,3947.2,4014.3199999999997,4176.0,4257.6,1.9997109375,fixed_constellation_average_2_per_symbol,87a84ab2cf0f15d30d3bdd5d788c4df0014fe6b0dd3159b2b410095cc84e11a2
token-efficiency-digital-v1/arithmetic/16QAM/N2048/m9,19,2048,4095.408,3947.2,4014.3199999999997,4176.0,4257.6,1.9997109375,fixed_constellation_average_2_per_symbol,87a84ab2cf0f15d30d3bdd5d788c4df0014fe6b0dd3159b2b410095cc84e11a2
token-efficiency-digital-v1/arithmetic/16QAM/N3060/m10,1,3060,6120.353600000001,5918.4,6024.0,6214.48,6276.8,2.000115555555556,fixed_constellation_average_2_per_symbol,87a84ab2cf0f15d30d3bdd5d788c4df0014fe6b0dd3159b2b410095cc84e11a2
token-efficiency-digital-v1/arithmetic/16QAM/N3060/m10,4,3060,6120.353600000001,5918.4,6024.0,6214.48,6276.8,2.000115555555556,fixed_constellation_average_2_per_symbol,87a84ab2cf0f15d30d3bdd5d788c4df0014fe6b0dd3159b2b410095cc84e11a2
token-efficiency-digital-v1/arithmetic/16QAM/N3060/m10,7,3060,6120.353600000001,5918.4,6024.0,6214.48,6276.8,2.000115555555556,fixed_constellation_average_2_per_symbol,87a84ab2cf0f15d30d3bdd5d788c4df0014fe6b0dd3159b2b410095cc84e11a2
token-efficiency-digital-v1/arithmetic/16QAM/N3060/m10,13,3060,6120.353600000001,5918.4,6024.0,6214.48,6276.8,2.000115555555556,fixed_constellation_average_2_per_symbol,87a84ab2cf0f15d30d3bdd5d788c4df0014fe6b0dd3159b2b410095cc84e11a2
token-efficiency-digital-v1/arithmetic/16QAM/N3060/m10,19,3060,6120.353600000001,5918.4,6024.0,6214.48,6276.8,2.000115555555556,fixed_constellation_average_2_per_symbol,87a84ab2cf0f15d30d3bdd5d788c4df0014fe6b0dd3159b2b410095cc84e11a2
token-efficiency-digital-v1/arithmetic/16QAM/N3060/m6,1,3060,6119.024,5694.4,5940.639999999999,6294.4,6504.0,1.999681045751634,fixed_constellation_average_2_per_symbol,87a84ab2cf0f15d30d3bdd5d788c4df0014fe6b0dd3159b2b410095cc84e11a2
token-efficiency-digital-v1/arithmetic/16QAM/N3060/m6,4,3060,6119.024,5694.4,5940.639999999999,6294.4,6504.0,1.999681045751634,fixed_constellation_average_2_per_symbol,87a84ab2cf0f15d30d3bdd5d788c4df0014fe6b0dd3159b2b410095cc84e11a2
token-efficiency-digital-v1/arithmetic/16QAM/N3060/m6,7,3060,6119.024,5694.4,5940.639999999999,6294.4,6504.0,1.999681045751634,fixed_constellation_average_2_per_symbol,87a84ab2cf0f15d30d3bdd5d788c4df0014fe6b0dd3159b2b410095cc84e11a2
token-efficiency-digital-v1/arithmetic/16QAM/N3060/m6,13,3060,6119.024,5694.4,5940.639999999999,6294.4,6504.0,1.999681045751634,fixed_constellation_average_2_per_symbol,87a84ab2cf0f15d30d3bdd5d788c4df0014fe6b0dd3159b2b410095cc84e11a2
token-efficiency-digital-v1/arithmetic/16QAM/N3060/m6,19,3060,6119.024,5694.4,5940.639999999999,6294.4,6504.0,1.999681045751634,fixed_constellation_average_2_per_symbol,87a84ab2cf0f15d30d3bdd5d788c4df0014fe6b0dd3159b2b410095cc84e11a2
token-efficiency-digital-v1/arithmetic/16QAM/N3060/m7,1,3060,6119.5088,5868.8,5982.32,6256.0,6400.0,1.999839477124183,fixed_constellation_average_2_per_symbol,87a84ab2cf0f15d30d3bdd5d788c4df0014fe6b0dd3159b2b410095cc84e11a2
token-efficiency-digital-v1/arithmetic/16QAM/N3060/m7,4,3060,6119.5088,5868.8,5982.32,6256.0,6400.0,1.999839477124183,fixed_constellation_average_2_per_symbol,87a84ab2cf0f15d30d3bdd5d788c4df0014fe6b0dd3159b2b410095cc84e11a2
token-efficiency-digital-v1/arithmetic/16QAM/N3060/m7,7,3060,6119.5088,5868.8,5982.32,6256.0,6400.0,1.999839477124183,fixed_constellation_average_2_per_symbol,87a84ab2cf0f15d30d3bdd5d788c4df0014fe6b0dd3159b2b410095cc84e11a2
token-efficiency-digital-v1/arithmetic/16QAM/N3060/m7,13,3060,6119.5088,5868.8,5982.32,6256.0,6400.0,1.999839477124183,fixed_constellation_average_2_per_symbol,87a84ab2cf0f15d30d3bdd5d788c4df0014fe6b0dd3159b2b410095cc84e11a2
token-efficiency-digital-v1/arithmetic/16QAM/N3060/m7,19,3060,6119.5088,5868.8,5982.32,6256.0,6400.0,1.999839477124183,fixed_constellation_average_2_per_symbol,87a84ab2cf0f15d30d3bdd5d788c4df0014fe6b0dd3159b2b410095cc84e11a2
token-efficiency-digital-v1/arithmetic/16QAM/N3060/m8,1,3060,6118.9616000000005,5883.2,6001.6,6227.200000000001,6336.0,1.9996606535947714,fixed_constellation_average_2_per_symbol,87a84ab2cf0f15d30d3bdd5d788c4df0014fe6b0dd3159b2b410095cc84e11a2
token-efficiency-digital-v1/arithmetic/16QAM/N3060/m8,4,3060,6118.9616000000005,5883.2,6001.6,6227.200000000001,6336.0,1.9996606535947714,fixed_constellation_average_2_per_symbol,87a84ab2cf0f15d30d3bdd5d788c4df0014fe6b0dd3159b2b410095cc84e11a2
token-efficiency-digital-v1/arithmetic/16QAM/N3060/m8,7,3060,6118.9616000000005,5883.2,6001.6,6227.200000000001,6336.0,1.9996606535947714,fixed_constellation_average_2_per_symbol,87a84ab2cf0f15d30d3bdd5d788c4df0014fe6b0dd3159b2b410095cc84e11a2
token-efficiency-digital-v1/arithmetic/16QAM/N3060/m8,13,3060,6118.9616000000005,5883.2,6001.6,6227.200000000001,6336.0,1.9996606535947714,fixed_constellation_average_2_per_symbol,87a84ab2cf0f15d30d3bdd5d788c4df0014fe6b0dd3159b2b410095cc84e11a2
token-efficiency-digital-v1/arithmetic/16QAM/N3060/m8,19,3060,6118.9616000000005,5883.2,6001.6,6227.200000000001,6336.0,1.9996606535947714,fixed_constellation_average_2_per_symbol,87a84ab2cf0f15d30d3bdd5d788c4df0014fe6b0dd3159b2b410095cc84e11a2
token-efficiency-digital-v1/arithmetic/16QAM/N3060/m9,1,3060,6118.9952,5936.0,6025.6,6211.280000000001,6316.8,1.9996716339869283,fixed_constellation_average_2_per_symbol,87a84ab2cf0f15d30d3bdd5d788c4df0014fe6b0dd3159b2b410095cc84e11a2
token-efficiency-digital-v1/arithmetic/16QAM/N3060/m9,4,3060,6118.9952,5936.0,6025.6,6211.280000000001,6316.8,1.9996716339869283,fixed_constellation_average_2_per_symbol,87a84ab2cf0f15d30d3bdd5d788c4df0014fe6b0dd3159b2b410095cc84e11a2
token-efficiency-digital-v1/arithmetic/16QAM/N3060/m9,7,3060,6118.9952,5936.0,6025.6,6211.280000000001,6316.8,1.9996716339869283,fixed_constellation_average_2_per_symbol,87a84ab2cf0f15d30d3bdd5d788c4df0014fe6b0dd3159b2b410095cc84e11a2
token-efficiency-digital-v1/arithmetic/16QAM/N3060/m9,13,3060,6118.9952,5936.0,6025.6,6211.280000000001,6316.8,1.9996716339869283,fixed_constellation_average_2_per_symbol,87a84ab2cf0f15d30d3bdd5d788c4df0014fe6b0dd3159b2b410095cc84e11a2
token-efficiency-digital-v1/arithmetic/16QAM/N3060/m9,19,3060,6118.9952,5936.0,6025.6,6211.280000000001,6316.8,1.9996716339869283,fixed_constellation_average_2_per_symbol,87a84ab2cf0f15d30d3bdd5d788c4df0014fe6b0dd3159b2b410095cc84e11a2
token-efficiency-digital-v1/arithmetic/16QAM/N4084/m10,1,4084,8163.2288,7966.4,8046.4,8281.6,8366.400000000001,1.9988317335945152,fixed_constellation_average_2_per_symbol,87a84ab2cf0f15d30d3bdd5d788c4df0014fe6b0dd3159b2b410095cc84e11a2
token-efficiency-digital-v1/arithmetic/16QAM/N4084/m10,4,4084,8163.2288,7966.4,8046.4,8281.6,8366.400000000001,1.9988317335945152,fixed_constellation_average_2_per_symbol,87a84ab2cf0f15d30d3bdd5d788c4df0014fe6b0dd3159b2b410095cc84e11a2
token-efficiency-digital-v1/arithmetic/16QAM/N4084/m10,7,4084,8163.2288,7966.4,8046.4,8281.6,8366.400000000001,1.9988317335945152,fixed_constellation_average_2_per_symbol,87a84ab2cf0f15d30d3bdd5d788c4df0014fe6b0dd3159b2b410095cc84e11a2
token-efficiency-digital-v1/arithmetic/16QAM/N4084/m10,13,4084,8163.2288,7966.4,8046.4,8281.6,8366.400000000001,1.9988317335945152,fixed_constellation_average_2_per_symbol,87a84ab2cf0f15d30d3bdd5d788c4df0014fe6b0dd3159b2b410095cc84e11a2
token-efficiency-digital-v1/arithmetic/16QAM/N4084/m10,19,4084,8163.2288,7966.4,8046.4,8281.6,8366.400000000001,1.9988317335945152,fixed_constellation_average_2_per_symbol,87a84ab2cf0f15d30d3bdd5d788c4df0014fe6b0dd3159b2b410095cc84e11a2
token-efficiency-digital-v1/arithmetic/16QAM/N4084/m6,1,4084,8166.6224,7612.8,7940.8,8404.8,8665.600000000002,1.9996626836434868,fixed_constellation_average_2_per_symbol,87a84ab2cf0f15d30d3bdd5d788c4df0014fe6b0dd3159b2b410095cc84e11a2
token-efficiency-digital-v1/arithmetic/16QAM/N4084/m6,4,4084,8166.6224,7612.8,7940.8,8404.8,8665.600000000002,1.9996626836434868,fixed_constellation_average_2_per_symbol,87a84ab2cf0f15d30d3bdd5d788c4df0014fe6b0dd3159b2b410095cc84e11a2
token-efficiency-digital-v1/arithmetic/16QAM/N4084/m6,7,4084,8166.6224,7612.8,7940.8,8404.8,8665.600000000002,1.9996626836434868,fixed_constellation_average_2_per_symbol,87a84ab2cf0f15d30d3bdd5d788c4df0014fe6b0dd3159b2b410095cc84e11a2
token-efficiency-digital-v1/arithmetic/16QAM/N4084/m6,13,4084,8166.6224,7612.8,7940.8,8404.8,8665.600000000002,1.9996626836434868,fixed_constellation_average_2_per_symbol,87a84ab2cf0f15d30d3bdd5d788c4df0014fe6b0dd3159b2b410095cc84e11a2
token-efficiency-digital-v1/arithmetic/16QAM/N4084/m6,19,4084,8166.6224,7612.8,7940.8,8404.8,8665.600000000002,1.9996626836434868,fixed_constellation_average_2_per_symbol,87a84ab2cf0f15d30d3bdd5d788c4df0014fe6b0dd3159b2b410095cc84e11a2
token-efficiency-digital-v1/arithmetic/16QAM/N4084/m7,1,4084,8165.534400000001,7822.4,7974.4,8347.36,8515.2,1.9993962781586683,fixed_constellation_average_2_per_symbol,87a84ab2cf0f15d30d3bdd5d788c4df0014fe6b0dd3159b2b410095cc84e11a2
token-efficiency-digital-v1/arithmetic/16QAM/N4084/m7,4,4084,8165.534400000001,7822.4,7974.4,8347.36,8515.2,1.9993962781586683,fixed_constellation_average_2_per_symbol,87a84ab2cf0f15d30d3bdd5d788c4df0014fe6b0dd3159b2b410095cc84e11a2
token-efficiency-digital-v1/arithmetic/16QAM/N4084/m7,7,4084,8165.534400000001,7822.4,7974.4,8347.36,8515.2,1.9993962781586683,fixed_constellation_average_2_per_symbol,87a84ab2cf0f15d30d3bdd5d788c4df0014fe6b0dd3159b2b410095cc84e11a2
token-efficiency-digital-v1/arithmetic/16QAM/N4084/m7,13,4084,8165.534400000001,7822.4,7974.4,8347.36,8515.2,1.9993962781586683,fixed_constellation_average_2_per_symbol,87a84ab2cf0f15d30d3bdd5d788c4df0014fe6b0dd3159b2b410095cc84e11a2
token-efficiency-digital-v1/arithmetic/16QAM/N4084/m7,19,4084,8165.534400000001,7822.4,7974.4,8347.36,8515.2,1.9993962781586683,fixed_constellation_average_2_per_symbol,87a84ab2cf0f15d30d3bdd5d788c4df0014fe6b0dd3159b2b410095cc84e11a2
token-efficiency-digital-v1/arithmetic/16QAM/N4084/m8,1,4084,8166.864,7884.8,8012.719999999999,8320.08,8462.400000000001,1.9997218413320272,fixed_constellation_average_2_per_symbol,87a84ab2cf0f15d30d3bdd5d788c4df0014fe6b0dd3159b2b410095cc84e11a2
token-efficiency-digital-v1/arithmetic/16QAM/N4084/m8,4,4084,8166.864,7884.8,8012.719999999999,8320.08,8462.400000000001,1.9997218413320272,fixed_constellation_average_2_per_symbol,87a84ab2cf0f15d30d3bdd5d788c4df0014fe6b0dd3159b2b410095cc84e11a2
token-efficiency-digital-v1/arithmetic/16QAM/N4084/m8,7,4084,8166.864,7884.8,8012.719999999999,8320.08,8462.400000000001,1.9997218413320272,fixed_constellation_average_2_per_symbol,87a84ab2cf0f15d30d3bdd5d788c4df0014fe6b0dd3159b2b410095cc84e11a2
token-efficiency-digital-v1/arithmetic/16QAM/N4084/m8,13,4084,8166.864,7884.8,8012.719999999999,8320.08,8462.400000000001,1.9997218413320272,fixed_constellation_average_2_per_symbol,87a84ab2cf0f15d30d3bdd5d788c4df0014fe6b0dd3159b2b410095cc84e11a2
token-efficiency-digital-v1/arithmetic/16QAM/N4084/m8,19,4084,8166.864,7884.8,8012.719999999999,8320.08,8462.400000000001,1.9997218413320272,fixed_constellation_average_2_per_symbol,87a84ab2cf0f15d30d3bdd5d788c4df0014fe6b0dd3159b2b410095cc84e11a2
token-efficiency-digital-v1/arithmetic/16QAM/N4084/m9,1,4084,8166.718400000001,7915.2,8049.52,8281.599999999999,8384.0,1.9996861900097944,fixed_constellation_average_2_per_symbol,87a84ab2cf0f15d30d3bdd5d788c4df0014fe6b0dd3159b2b410095cc84e11a2
token-efficiency-digital-v1/arithmetic/16QAM/N4084/m9,4,4084,8166.718400000001,7915.2,8049.52,8281.599999999999,8384.0,1.9996861900097944,fixed_constellation_average_2_per_symbol,87a84ab2cf0f15d30d3bdd5d788c4df0014fe6b0dd3159b2b410095cc84e11a2
token-efficiency-digital-v1/arithmetic/16QAM/N4084/m9,7,4084,8166.718400000001,7915.2,8049.52,8281.599999999999,8384.0,1.9996861900097944,fixed_constellation_average_2_per_symbol,87a84ab2cf0f15d30d3bdd5d788c4df0014fe6b0dd3159b2b410095cc84e11a2
token-efficiency-digital-v1/arithmetic/16QAM/N4084/m9,13,4084,8166.718400000001,7915.2,8049.52,8281.599999999999,8384.0,1.9996861900097944,fixed_constellation_average_2_per_symbol,87a84ab2cf0f15d30d3bdd5d788c4df0014fe6b0dd3159b2b410095cc84e11a2
token-efficiency-digital-v1/arithmetic/16QAM/N4084/m9,19,4084,8166.718400000001,7915.2,8049.52,8281.599999999999,8384.0,1.9996861900097944,fixed_constellation_average_2_per_symbol,87a84ab2cf0f15d30d3bdd5d788c4df0014fe6b0dd3159b2b410095cc84e11a2
token-efficiency-digital-v1/raw/16QAM/N2048/m6,1,2048,4096.3888,3880.0,3985.6,4204.88,4312.0,2.00018984375,fixed_constellation_average_2_per_symbol,87a84ab2cf0f15d30d3bdd5d788c4df0014fe6b0dd3159b2b410095cc84e11a2
token-efficiency-digital-v1/raw/16QAM/N2048/m6,4,2048,4096.3888,3880.0,3985.6,4204.88,4312.0,2.00018984375,fixed_constellation_average_2_per_symbol,87a84ab2cf0f15d30d3bdd5d788c4df0014fe6b0dd3159b2b410095cc84e11a2
token-efficiency-digital-v1/raw/16QAM/N2048/m6,7,2048,4096.3888,3880.0,3985.6,4204.88,4312.0,2.00018984375,fixed_constellation_average_2_per_symbol,87a84ab2cf0f15d30d3bdd5d788c4df0014fe6b0dd3159b2b410095cc84e11a2
token-efficiency-digital-v1/raw/16QAM/N2048/m6,13,2048,4096.3888,3880.0,3985.6,4204.88,4312.0,2.00018984375,fixed_constellation_average_2_per_symbol,87a84ab2cf0f15d30d3bdd5d788c4df0014fe6b0dd3159b2b410095cc84e11a2
token-efficiency-digital-v1/raw/16QAM/N2048/m6,19,2048,4096.3888,3880.0,3985.6,4204.88,4312.0,2.00018984375,fixed_constellation_average_2_per_symbol,87a84ab2cf0f15d30d3bdd5d788c4df0014fe6b0dd3159b2b410095cc84e11a2
token-efficiency-digital-v1/raw/16QAM/N2048/m7,1,2048,4097.350399999999,3902.3999999999996,4014.3999999999996,4182.4,4275.2,2.0006593749999997,fixed_constellation_average_2_per_symbol,87a84ab2cf0f15d30d3bdd5d788c4df0014fe6b0dd3159b2b410095cc84e11a2
token-efficiency-digital-v1/raw/16QAM/N2048/m7,4,2048,4097.350399999999,3902.3999999999996,4014.3999999999996,4182.4,4275.2,2.0006593749999997,fixed_constellation_average_2_per_symbol,87a84ab2cf0f15d30d3bdd5d788c4df0014fe6b0dd3159b2b410095cc84e11a2
token-efficiency-digital-v1/raw/16QAM/N2048/m7,7,2048,4097.350399999999,3902.3999999999996,4014.3999999999996,4182.4,4275.2,2.0006593749999997,fixed_constellation_average_2_per_symbol,87a84ab2cf0f15d30d3bdd5d788c4df0014fe6b0dd3159b2b410095cc84e11a2
token-efficiency-digital-v1/raw/16QAM/N2048/m7,13,2048,4097.350399999999,3902.3999999999996,4014.3999999999996,4182.4,4275.2,2.0006593749999997,fixed_constellation_average_2_per_symbol,87a84ab2cf0f15d30d3bdd5d788c4df0014fe6b0dd3159b2b410095cc84e11a2
token-efficiency-digital-v1/raw/16QAM/N2048/m7,19,2048,4097.350399999999,3902.3999999999996,4014.3999999999996,4182.4,4275.2,2.0006593749999997,fixed_constellation_average_2_per_symbol,87a84ab2cf0f15d30d3bdd5d788c4df0014fe6b0dd3159b2b410095cc84e11a2
token-efficiency-digital-v1/raw/16QAM/N2048/m8,1,2048,4093.4528,3948.8,4011.2000000000003,4172.8,4262.4,1.99875625,fixed_constellation_average_2_per_symbol,87a84ab2cf0f15d30d3bdd5d788c4df0014fe6b0dd3159b2b410095cc84e11a2
token-efficiency-digital-v1/raw/16QAM/N2048/m8,4,2048,4093.4528,3948.8,4011.2000000000003,4172.8,4262.4,1.99875625,fixed_constellation_average_2_per_symbol,87a84ab2cf0f15d30d3bdd5d788c4df0014fe6b0dd3159b2b410095cc84e11a2
token-efficiency-digital-v1/raw/16QAM/N2048/m8,7,2048,4093.4528,3948.8,4011.2000000000003,4172.8,4262.4,1.99875625,fixed_constellation_average_2_per_symbol,87a84ab2cf0f15d30d3bdd5d788c4df0014fe6b0dd3159b2b410095cc84e11a2
token-efficiency-digital-v1/raw/16QAM/N2048/m8,13,2048,4093.4528,3948.8,4011.2000000000003,4172.8,4262.4,1.99875625,fixed_constellation_average_2_per_symbol,87a84ab2cf0f15d30d3bdd5d788c4df0014fe6b0dd3159b2b410095cc84e11a2
token-efficiency-digital-v1/raw/16QAM/N2048/m8,19,2048,4093.4528,3948.8,4011.2000000000003,4172.8,4262.4,1.99875625,fixed_constellation_average_2_per_symbol,87a84ab2cf0f15d30d3bdd5d788c4df0014fe6b0dd3159b2b410095cc84e11a2
token-efficiency-digital-v1/raw/16QAM/N2048/m9,1,2048,4093.28,3940.8,4008.0,4179.280000000001,4246.4,1.998671875,fixed_constellation_average_2_per_symbol,87a84ab2cf0f15d30d3bdd5d788c4df0014fe6b0dd3159b2b410095cc84e11a2
token-efficiency-digital-v1/raw/16QAM/N2048/m9,4,2048,4093.28,3940.8,4008.0,4179.280000000001,4246.4,1.998671875,fixed_constellation_average_2_per_symbol,87a84ab2cf0f15d30d3bdd5d788c4df0014fe6b0dd3159b2b410095cc84e11a2
token-efficiency-digital-v1/raw/16QAM/N2048/m9,7,2048,4093.28,3940.8,4008.0,4179.280000000001,4246.4,1.998671875,fixed_constellation_average_2_per_symbol,87a84ab2cf0f15d30d3bdd5d788c4df0014fe6b0dd3159b2b410095cc84e11a2
token-efficiency-digital-v1/raw/16QAM/N2048/m9,13,2048,4093.28,3940.8,4008.0,4179.280000000001,4246.4,1.998671875,fixed_constellation_average_2_per_symbol,87a84ab2cf0f15d30d3bdd5d788c4df0014fe6b0dd3159b2b410095cc84e11a2
token-efficiency-digital-v1/raw/16QAM/N2048/m9,19,2048,4093.28,3940.8,4008.0,4179.280000000001,4246.4,1.998671875,fixed_constellation_average_2_per_symbol,87a84ab2cf0f15d30d3bdd5d788c4df0014fe6b0dd3159b2b410095cc84e11a2
token-efficiency-digital-v1/raw/16QAM/N3060/m10,1,3060,6117.584,5928.0,6014.400000000001,6220.799999999999,6304.0,1.9992104575163399,fixed_constellation_average_2_per_symbol,87a84ab2cf0f15d30d3bdd5d788c4df0014fe6b0dd3159b2b410095cc84e11a2
token-efficiency-digital-v1/raw/16QAM/N3060/m10,4,3060,6117.584,5928.0,6014.400000000001,6220.799999999999,6304.0,1.9992104575163399,fixed_constellation_average_2_per_symbol,87a84ab2cf0f15d30d3bdd5d788c4df0014fe6b0dd3159b2b410095cc84e11a2
token-efficiency-digital-v1/raw/16QAM/N3060/m10,7,3060,6117.584,5928.0,6014.400000000001,6220.799999999999,6304.0,1.9992104575163399,fixed_constellation_average_2_per_symbol,87a84ab2cf0f15d30d3bdd5d788c4df0014fe6b0dd3159b2b410095cc84e11a2
token-efficiency-digital-v1/raw/16QAM/N3060/m10,13,3060,6117.584,5928.0,6014.400000000001,6220.799999999999,6304.0,1.9992104575163399,fixed_constellation_average_2_per_symbol,87a84ab2cf0f15d30d3bdd5d788c4df0014fe6b0dd3159b2b410095cc84e11a2
token-efficiency-digital-v1/raw/16QAM/N3060/m10,19,3060,6117.584,5928.0,6014.400000000001,6220.799999999999,6304.0,1.9992104575163399,fixed_constellation_average_2_per_symbol,87a84ab2cf0f15d30d3bdd5d788c4df0014fe6b0dd3159b2b410095cc84e11a2
token-efficiency-digital-v1/raw/16QAM/N3060/m6,1,3060,6120.828799999999,5798.4,5956.72,6288.0,6422.4,2.0002708496732025,fixed_constellation_average_2_per_symbol,87a84ab2cf0f15d30d3bdd5d788c4df0014fe6b0dd3159b2b410095cc84e11a2
token-efficiency-digital-v1/raw/16QAM/N3060/m6,4,3060,6120.828799999999,5798.4,5956.72,6288.0,6422.4,2.0002708496732025,fixed_constellation_average_2_per_symbol,87a84ab2cf0f15d30d3bdd5d788c4df0014fe6b0dd3159b2b410095cc84e11a2
token-efficiency-digital-v1/raw/16QAM/N3060/m6,7,3060,6120.828799999999,5798.4,5956.72,6288.0,6422.4,2.0002708496732025,fixed_constellation_average_2_per_symbol,87a84ab2cf0f15d30d3bdd5d788c4df0014fe6b0dd3159b2b410095cc84e11a2
token-efficiency-digital-v1/raw/16QAM/N3060/m6,13,3060,6120.828799999999,5798.4,5956.72,6288.0,6422.4,2.0002708496732025,fixed_constellation_average_2_per_symbol,87a84ab2cf0f15d30d3bdd5d788c4df0014fe6b0dd3159b2b410095cc84e11a2
token-efficiency-digital-v1/raw/16QAM/N3060/m6,19,3060,6120.828799999999,5798.4,5956.72,6288.0,6422.4,2.0002708496732025,fixed_constellation_average_2_per_symbol,87a84ab2cf0f15d30d3bdd5d788c4df0014fe6b0dd3159b2b410095cc84e11a2
token-efficiency-digital-v1/raw/16QAM/N3060/m7,1,3060,6123.0368,5836.799999999999,5993.6,6252.8,6372.8,2.0009924183006533,fixed_constellation_average_2_per_symbol,87a84ab2cf0f15d30d3bdd5d788c4df0014fe6b0dd3159b2b410095cc84e11a2
token-efficiency-digital-v1/raw/16QAM/N3060/m7,4,3060,6123.0368,5836.799999999999,5993.6,6252.8,6372.8,2.0009924183006533,fixed_constellation_average_2_per_symbol,87a84ab2cf0f15d30d3bdd5d788c4df0014fe6b0dd3159b2b410095cc84e11a2
token-efficiency-digital-v1/raw/16QAM/N3060/m7,7,3060,6123.0368,5836.799999999999,5993.6,6252.8,6372.8,2.0009924183006533,fixed_constellation_average_2_per_symbol,87a84ab2cf0f15d30d3bdd5d788c4df0014fe6b0dd3159b2b410095cc84e11a2
token-efficiency-digital-v1/raw/16QAM/N3060/m7,13,3060,6123.0368,5836.799999999999,5993.6,6252.8,6372.8,2.0009924183006533,fixed_constellation_average_2_per_symbol,87a84ab2cf0f15d30d3bdd5d788c4df0014fe6b0dd3159b2b410095cc84e11a2
token-efficiency-digital-v1/raw/16QAM/N3060/m7,19,3060,6123.0368,5836.799999999999,5993.6,6252.8,6372.8,2.0009924183006533,fixed_constellation_average_2_per_symbol,87a84ab2cf0f15d30d3bdd5d788c4df0014fe6b0dd3159b2b410095cc84e11a2
token-efficiency-digital-v1/raw/16QAM/N3060/m8,1,3060,6118.686400000001,5876.8,6017.6,6220.88,6292.799999999999,1.9995707189542489,fixed_constellation_average_2_per_symbol,87a84ab2cf0f15d30d3bdd5d788c4df0014fe6b0dd3159b2b410095cc84e11a2
token-efficiency-digital-v1/raw/16QAM/N3060/m8,4,3060,6118.686400000001,5876.8,6017.6,6220.88,6292.799999999999,1.9995707189542489,fixed_constellation_average_2_per_symbol,87a84ab2cf0f15d30d3bdd5d788c4df0014fe6b0dd3159b2b410095cc84e11a2
token-efficiency-digital-v1/raw/16QAM/N3060/m8,7,3060,6118.686400000001,5876.8,6017.6,6220.88,6292.799999999999,1.9995707189542489,fixed_constellation_average_2_per_symbol,87a84ab2cf0f15d30d3bdd5d788c4df0014fe6b0dd3159b2b410095cc84e11a2
token-efficiency-digital-v1/raw/16QAM/N3060/m8,13,3060,6118.686400000001,5876.8,6017.6,6220.88,6292.799999999999,1.9995707189542489,fixed_constellation_average_2_per_symbol,87a84ab2cf0f15d30d3bdd5d788c4df0014fe6b0dd3159b2b410095cc84e11a2
token-efficiency-digital-v1/raw/16QAM/N3060/m8,19,3060,6118.686400000001,5876.8,6017.6,6220.88,6292.799999999999,1.9995707189542489,fixed_constellation_average_2_per_symbol,87a84ab2cf0f15d30d3bdd5d788c4df0014fe6b0dd3159b2b410095cc84e11a2
token-efficiency-digital-v1/raw/16QAM/N3060/m9,1,3060,6116.083200000001,5910.4,6011.200000000001,6219.200000000001,6305.6,1.9987200000000003,fixed_constellation_average_2_per_symbol,87a84ab2cf0f15d30d3bdd5d788c4df0014fe6b0dd3159b2b410095cc84e11a2
token-efficiency-digital-v1/raw/16QAM/N3060/m9,4,3060,6116.083200000001,5910.4,6011.200000000001,6219.200000000001,6305.6,1.9987200000000003,fixed_constellation_average_2_per_symbol,87a84ab2cf0f15d30d3bdd5d788c4df0014fe6b0dd3159b2b410095cc84e11a2
token-efficiency-digital-v1/raw/16QAM/N3060/m9,7,3060,6116.083200000001,5910.4,6011.200000000001,6219.200000000001,6305.6,1.9987200000000003,fixed_constellation_average_2_per_symbol,87a84ab2cf0f15d30d3bdd5d788c4df0014fe6b0dd3159b2b410095cc84e11a2
token-efficiency-digital-v1/raw/16QAM/N3060/m9,13,3060,6116.083200000001,5910.4,6011.200000000001,6219.200000000001,6305.6,1.9987200000000003,fixed_constellation_average_2_per_symbol,87a84ab2cf0f15d30d3bdd5d788c4df0014fe6b0dd3159b2b410095cc84e11a2
token-efficiency-digital-v1/raw/16QAM/N3060/m9,19,3060,6116.083200000001,5910.4,6011.200000000001,6219.200000000001,6305.6,1.9987200000000003,fixed_constellation_average_2_per_symbol,87a84ab2cf0f15d30d3bdd5d788c4df0014fe6b0dd3159b2b410095cc84e11a2
token-efficiency-digital-v1/raw/16QAM/N4084/m10,1,4084,8164.6208,7856.0,8046.32,8289.599999999999,8388.8,1.9991725759059744,fixed_constellation_average_2_per_symbol,87a84ab2cf0f15d30d3bdd5d788c4df0014fe6b0dd3159b2b410095cc84e11a2
token-efficiency-digital-v1/raw/16QAM/N4084/m10,4,4084,8164.6208,7856.0,8046.32,8289.599999999999,8388.8,1.9991725759059744,fixed_constellation_average_2_per_symbol,87a84ab2cf0f15d30d3bdd5d788c4df0014fe6b0dd3159b2b410095cc84e11a2
token-efficiency-digital-v1/raw/16QAM/N4084/m10,7,4084,8164.6208,7856.0,8046.32,8289.599999999999,8388.8,1.9991725759059744,fixed_constellation_average_2_per_symbol,87a84ab2cf0f15d30d3bdd5d788c4df0014fe6b0dd3159b2b410095cc84e11a2
token-efficiency-digital-v1/raw/16QAM/N4084/m10,13,4084,8164.6208,7856.0,8046.32,8289.599999999999,8388.8,1.9991725759059744,fixed_constellation_average_2_per_symbol,87a84ab2cf0f15d30d3bdd5d788c4df0014fe6b0dd3159b2b410095cc84e11a2
token-efficiency-digital-v1/raw/16QAM/N4084/m10,19,4084,8164.6208,7856.0,8046.32,8289.599999999999,8388.8,1.9991725759059744,fixed_constellation_average_2_per_symbol,87a84ab2cf0f15d30d3bdd5d788c4df0014fe6b0dd3159b2b410095cc84e11a2
token-efficiency-digital-v1/raw/16QAM/N4084/m6,1,4084,8170.212799999999,7710.4,7955.04,8382.48,8569.6,2.0005418217433886,fixed_constellation_average_2_per_symbol,87a84ab2cf0f15d30d3bdd5d788c4df0014fe6b0dd3159b2b410095cc84e11a2
token-efficiency-digital-v1/raw/16QAM/N4084/m6,4,4084,8170.212799999999,7710.4,7955.04,8382.48,8569.6,2.0005418217433886,fixed_constellation_average_2_per_symbol,87a84ab2cf0f15d30d3bdd5d788c4df0014fe6b0dd3159b2b410095cc84e11a2
token-efficiency-digital-v1/raw/16QAM/N4084/m6,7,4084,8170.212799999999,7710.4,7955.04,8382.48,8569.6,2.0005418217433886,fixed_constellation_average_2_per_symbol,87a84ab2cf0f15d30d3bdd5d788c4df0014fe6b0dd3159b2b410095cc84e11a2
token-efficiency-digital-v1/raw/16QAM/N4084/m6,13,4084,8170.212799999999,7710.4,7955.04,8382.48,8569.6,2.0005418217433886,fixed_constellation_average_2_per_symbol,87a84ab2cf0f15d30d3bdd5d788c4df0014fe6b0dd3159b2b410095cc84e11a2
token-efficiency-digital-v1/raw/16QAM/N4084/m6,19,4084,8170.212799999999,7710.4,7955.04,8382.48,8569.6,2.0005418217433886,fixed_constellation_average_2_per_symbol,87a84ab2cf0f15d30d3bdd5d788c4df0014fe6b0dd3159b2b410095cc84e11a2
token-efficiency-digital-v1/raw/16QAM/N4084/m7,1,4084,8171.752,7763.2,8003.12,8345.68,8484.8,2.0009187071498533,fixed_constellation_average_2_per_symbol,87a84ab2cf0f15d30d3bdd5d788c4df0014fe6b0dd3159b2b410095cc84e11a2
token-efficiency-digital-v1/raw/16QAM/N4084/m7,4,4084,8171.752,7763.2,8003.12,8345.68,8484.8,2.0009187071498533,fixed_constellation_average_2_per_symbol,87a84ab2cf0f15d30d3bdd5d788c4df0014fe6b0dd3159b2b410095cc84e11a2
token-efficiency-digital-v1/raw/16QAM/N4084/m7,7,4084,8171.752,7763.2,8003.12,8345.68,8484.8,2.0009187071498533,fixed_constellation_average_2_per_symbol,87a84ab2cf0f15d30d3bdd5d788c4df0014fe6b0dd3159b2b410095cc84e11a2
token-efficiency-digital-v1/raw/16QAM/N4084/m7,13,4084,8171.752,7763.2,8003.12,8345.68,8484.8,2.0009187071498533,fixed_constellation_average_2_per_symbol,87a84ab2cf0f15d30d3bdd5d788c4df0014fe6b0dd3159b2b410095cc84e11a2
token-efficiency-digital-v1/raw/16QAM/N4084/m7,19,4084,8171.752,7763.2,8003.12,8345.68,8484.8,2.0009187071498533,fixed_constellation_average_2_per_symbol,87a84ab2cf0f15d30d3bdd5d788c4df0014fe6b0dd3159b2b410095cc84e11a2
token-efficiency-digital-v1/raw/16QAM/N4084/m8,1,4084,8166.016,7793.6,8024.0,8313.68,8446.400000000001,1.9995142017629775,fixed_constellation_average_2_per_symbol,87a84ab2cf0f15d30d3bdd5d788c4df0014fe6b0dd3159b2b410095cc84e11a2
token-efficiency-digital-v1/raw/16QAM/N4084/m8,4,4084,8166.016,7793.6,8024.0,8313.68,8446.400000000001,1.9995142017629775,fixed_constellation_average_2_per_symbol,87a84ab2cf0f15d30d3bdd5d788c4df0014fe6b0dd3159b2b410095cc84e11a2
token-efficiency-digital-v1/raw/16QAM/N4084/m8,7,4084,8166.016,7793.6,8024.0,8313.68,8446.400000000001,1.9995142017629775,fixed_constellation_average_2_per_symbol,87a84ab2cf0f15d30d3bdd5d788c4df0014fe6b0dd3159b2b410095cc84e11a2
token-efficiency-digital-v1/raw/16QAM/N4084/m8,13,4084,8166.016,7793.6,8024.0,8313.68,8446.400000000001,1.9995142017629775,fixed_constellation_average_2_per_symbol,87a84ab2cf0f15d30d3bdd5d788c4df0014fe6b0dd3159b2b410095cc84e11a2
token-efficiency-digital-v1/raw/16QAM/N4084/m8,19,4084,8166.016,7793.6,8024.0,8313.68,8446.400000000001,1.9995142017629775,fixed_constellation_average_2_per_symbol,87a84ab2cf0f15d30d3bdd5d788c4df0014fe6b0dd3159b2b410095cc84e11a2
token-efficiency-digital-v1/raw/16QAM/N4084/m9,1,4084,8163.0848,7939.2,8038.4,8278.400000000001,8358.4,1.9987964740450537,fixed_constellation_average_2_per_symbol,87a84ab2cf0f15d30d3bdd5d788c4df0014fe6b0dd3159b2b410095cc84e11a2
token-efficiency-digital-v1/raw/16QAM/N4084/m9,4,4084,8163.0848,7939.2,8038.4,8278.400000000001,8358.4,1.9987964740450537,fixed_constellation_average_2_per_symbol,87a84ab2cf0f15d30d3bdd5d788c4df0014fe6b0dd3159b2b410095cc84e11a2
token-efficiency-digital-v1/raw/16QAM/N4084/m9,7,4084,8163.0848,7939.2,8038.4,8278.400000000001,8358.4,1.9987964740450537,fixed_constellation_average_2_per_symbol,87a84ab2cf0f15d30d3bdd5d788c4df0014fe6b0dd3159b2b410095cc84e11a2
token-efficiency-digital-v1/raw/16QAM/N4084/m9,13,4084,8163.0848,7939.2,8038.4,8278.400000000001,8358.4,1.9987964740450537,fixed_constellation_average_2_per_symbol,87a84ab2cf0f15d30d3bdd5d788c4df0014fe6b0dd3159b2b410095cc84e11a2
token-efficiency-digital-v1/raw/16QAM/N4084/m9,19,4084,8163.0848,7939.2,8038.4,8278.400000000001,8358.4,1.9987964740450537,fixed_constellation_average_2_per_symbol,87a84ab2cf0f15d30d3bdd5d788c4df0014fe6b0dd3159b2b410095cc84e11a2
