population,scope,method,control,metric,source_images,selection_data,gain,ci_low,ci_high
development,1.0,raw_quality,raw_reliability,psnr_db,100,calibration_only,0.0,0.0,0.0
development,1.0,raw_quality,raw_reliability,lpips,100,calibration_only,0.0,0.0,0.0
development,1.0,raw_quality,raw_reliability,dino,100,calibration_only,0.0,0.0,0.0
development,1.0,raw_quality,raw_goodput,psnr_db,100,calibration_only,0.0,0.0,0.0
development,1.0,raw_quality,raw_goodput,lpips,100,calibration_only,0.0,0.0,0.0
development,1.0,raw_quality,raw_goodput,dino,100,calibration_only,0.0,0.0,0.0
development,1.0,arithmetic_quality,arithmetic_reliability,psnr_db,100,calibration_only,0.0,0.0,0.0
development,1.0,arithmetic_quality,arithmetic_reliability,lpips,100,calibration_only,0.0,0.0,0.0
development,1.0,arithmetic_quality,arithmetic_reliability,dino,100,calibration_only,0.0,0.0,0.0
development,1.0,arithmetic_quality,arithmetic_goodput,psnr_db,100,calibration_only,0.0,0.0,0.0
development,1.0,arithmetic_quality,arithmetic_goodput,lpips,100,calibration_only,0.0,0.0,0.0
development,1.0,arithmetic_quality,arithmetic_goodput,dino,100,calibration_only,0.0,0.0,0.0
development,1.0,raw_quality,arithmetic_quality,psnr_db,100,calibration_only,-0.0723367373148601,-0.16974064159393312,-0.006249981800715272
development,1.0,raw_quality,arithmetic_quality,lpips,100,calibration_only,0.002184279772142568,-0.00043940849384913874,0.005040210608703393
development,1.0,raw_quality,arithmetic_quality,dino,100,calibration_only,0.0004991721113522885,-0.002280619954069454,0.004373246356844907
development,1.0,arithmetic_quality,raw_m7,psnr_db,100,calibration_only,0.0723367373148601,0.006249981800715265,0.1697406415939331
development,1.0,arithmetic_quality,raw_m7,lpips,100,calibration_only,-0.002184279772142568,-0.005040210608703393,0.00043940849384913673
development,1.0,arithmetic_quality,raw_m7,dino,100,calibration_only,-0.0004991721113522885,-0.004373246356844907,0.0022806199540694534
development,1.0,arithmetic_quality,raw_m8,psnr_db,100,calibration_only,1.5147538375854492,1.1700641198952995,1.890573738892873
development,1.0,arithmetic_quality,raw_m8,lpips,100,calibration_only,-0.056005126163363464,-0.068473251717786,-0.04448701046096783
development,1.0,arithmetic_quality,raw_m8,dino,100,calibration_only,0.0928950311243534,0.07253137662261723,0.11488326562320195
development,1.0,arithmetic_quality,raw_m9,psnr_db,100,calibration_only,8.259150285720827,7.663424798488617,8.885032670855521
development,1.0,arithmetic_quality,raw_m9,lpips,100,calibration_only,-0.4719828182210524,-0.49293946327331156,-0.4515783171628913
development,1.0,arithmetic_quality,raw_m9,dino,100,calibration_only,0.8172104894369842,0.7997416256735257,0.8346127772783708
development,1.0,arithmetic_quality,arithmetic_m7,psnr_db,100,calibration_only,0.0,0.0,0.0
development,1.0,arithmetic_quality,arithmetic_m7,lpips,100,calibration_only,0.0,0.0,0.0
development,1.0,arithmetic_quality,arithmetic_m7,dino,100,calibration_only,0.0,0.0,0.0
development,1.0,arithmetic_quality,arithmetic_m8,psnr_db,100,calibration_only,3.1055468845367433,2.7142993880510327,3.499242464900017
development,1.0,arithmetic_quality,arithmetic_m8,lpips,100,calibration_only,-0.1681752704146007,-0.18659274551318958,-0.15010624895741542
development,1.0,arithmetic_quality,arithmetic_m8,dino,100,calibration_only,0.21534295742710427,0.18511767357960346,0.24671598936182756
development,1.0,arithmetic_quality,arithmetic_m9,psnr_db,100,calibration_only,7.449362942377729,6.9782940050760915,7.924364590525627
development,1.0,arithmetic_quality,arithmetic_m9,lpips,100,calibration_only,-0.4219132716829578,-0.43905446030137446,-0.40455806283311296
development,1.0,arithmetic_quality,arithmetic_m9,dino,100,calibration_only,0.5352722022403033,0.50512102312843,0.5650083437680733
development,1.0,arithmetic_quality,raw_reliability,psnr_db,100,calibration_only,0.0723367373148601,0.006249981800715265,0.1697406415939331
development,1.0,arithmetic_quality,raw_reliability,lpips,100,calibration_only,-0.002184279772142568,-0.005040210608703393,0.00043940849384913673
development,1.0,arithmetic_quality,raw_reliability,dino,100,calibration_only,-0.0004991721113522885,-0.004373246356844907,0.0022806199540694534
development,1.0,arithmetic_quality,raw_quality,psnr_db,100,calibration_only,0.0723367373148601,0.006249981800715265,0.1697406415939331
development,1.0,arithmetic_quality,raw_quality,lpips,100,calibration_only,-0.002184279772142568,-0.005040210608703393,0.00043940849384913673
development,1.0,arithmetic_quality,raw_quality,dino,100,calibration_only,-0.0004991721113522885,-0.004373246356844907,0.0022806199540694534
development,1.0,arithmetic_quality,raw_goodput,psnr_db,100,calibration_only,0.0723367373148601,0.006249981800715265,0.1697406415939331
development,1.0,arithmetic_quality,raw_goodput,lpips,100,calibration_only,-0.002184279772142568,-0.005040210608703393,0.00043940849384913673
development,1.0,arithmetic_quality,raw_goodput,dino,100,calibration_only,-0.0004991721113522885,-0.004373246356844907,0.0022806199540694534
development,1.0,arithmetic_quality,old_raw_adaptive,psnr_db,100,calibration_only,0.0723367373148601,0.006249981800715265,0.1697406415939331
development,1.0,arithmetic_quality,old_raw_adaptive,lpips,100,calibration_only,-0.002184279772142568,-0.005040210608703393,0.00043940849384913673
development,1.0,arithmetic_quality,old_raw_adaptive,dino,100,calibration_only,-0.0004991721113522885,-0.004373246356844907,0.0022806199540694534
development,1.0,arithmetic_quality,r2__full_grid_innovation,psnr_db,100,calibration_only,-1.6864518801371258,-1.8610792252222692,-1.5044378331502282
development,1.0,arithmetic_quality,r2__full_grid_innovation,lpips,100,calibration_only,-0.05553609528889259,-0.06226103536443164,-0.04903687461900215
development,1.0,arithmetic_quality,r2__full_grid_innovation,dino,100,calibration_only,0.2615898025035858,0.23582215481996535,0.28837885216126835
development,1.0,arithmetic_quality,r3__full_grid_prediction_features,psnr_db,100,calibration_only,-1.5093256918589273,-1.6900881996154784,-1.3214267129898072
development,1.0,arithmetic_quality,r3__full_grid_prediction_features,lpips,100,calibration_only,-0.053942250994344555,-0.060502801213413476,-0.047756736195025344
development,1.0,arithmetic_quality,r3__full_grid_prediction_features,dino,100,calibration_only,0.26434713453054426,0.23910306211685142,0.29039776073147855
development,1.0,arithmetic_quality,perceptual_deepjscc,psnr_db,100,calibration_only,-5.2361939207712815,-5.4858393360773725,-4.982350432793299
development,1.0,arithmetic_quality,perceptual_deepjscc,lpips,100,calibration_only,-0.016355728209018705,-0.02560908814395467,-0.007119946875919899
development,1.0,arithmetic_quality,perceptual_deepjscc,dino,100,calibration_only,0.4315984620588521,0.4027139089734605,0.46049079206725585
development,1.0,arithmetic_quality,wetok_8PSK_FEC,psnr_db,100,calibration_only,8.64832649230957,8.025548519770306,9.29415262567997
development,1.0,arithmetic_quality,wetok_8PSK_FEC,lpips,100,calibration_only,-0.47379694578548276,-0.49698213102358085,-0.45098576628913484
development,1.0,arithmetic_quality,wetok_8PSK_FEC,dino,100,calibration_only,0.8369823239805798,0.8178658988460277,0.8554189038938688
development,4.0,raw_quality,raw_reliability,psnr_db,100,calibration_only,0.0,0.0,0.0
development,4.0,raw_quality,raw_reliability,lpips,100,calibration_only,0.0,0.0,0.0
development,4.0,raw_quality,raw_reliability,dino,100,calibration_only,0.0,0.0,0.0
development,4.0,raw_quality,raw_goodput,psnr_db,100,calibration_only,0.0,0.0,0.0
development,4.0,raw_quality,raw_goodput,lpips,100,calibration_only,0.0,0.0,0.0
development,4.0,raw_quality,raw_goodput,dino,100,calibration_only,0.0,0.0,0.0
development,4.0,arithmetic_quality,arithmetic_reliability,psnr_db,100,calibration_only,0.0,0.0,0.0
development,4.0,arithmetic_quality,arithmetic_reliability,lpips,100,calibration_only,0.0,0.0,0.0
development,4.0,arithmetic_quality,arithmetic_reliability,dino,100,calibration_only,0.0,0.0,0.0
development,4.0,arithmetic_quality,arithmetic_goodput,psnr_db,100,calibration_only,0.0,0.0,0.0
development,4.0,arithmetic_quality,arithmetic_goodput,lpips,100,calibration_only,0.0,0.0,0.0
development,4.0,arithmetic_quality,arithmetic_goodput,dino,100,calibration_only,0.0,0.0,0.0
development,4.0,raw_quality,arithmetic_quality,psnr_db,100,calibration_only,-0.0008103179931640625,-0.0020487467447916786,0.0
development,4.0,raw_quality,arithmetic_quality,lpips,100,calibration_only,7.733901341756139e-06,-3.5865306854248326e-05,5.906701087951674e-05
development,4.0,raw_quality,arithmetic_quality,dino,100,calibration_only,1.9544760386148718e-05,-7.718324661254883e-05,0.00013581752777099497
development,4.0,arithmetic_quality,raw_m7,psnr_db,100,calibration_only,1.5899243068695068,1.443390758752823,1.7374155850410462
development,4.0,arithmetic_quality,raw_m7,lpips,100,calibration_only,-0.056663017366081474,-0.06043956239335239,-0.05294396139495074
development,4.0,arithmetic_quality,raw_m7,dino,100,calibration_only,0.03982799470424652,0.031374502196907995,0.047763269782066346
development,4.0,arithmetic_quality,raw_m8,psnr_db,100,calibration_only,0.0008103179931640625,0.0,0.0020487467447916786
development,4.0,arithmetic_quality,raw_m8,lpips,100,calibration_only,-7.733901341756139e-06,-5.906701087951674e-05,3.5865306854248326e-05
development,4.0,arithmetic_quality,raw_m8,dino,100,calibration_only,-1.9544760386148718e-05,-0.00013581752777099497,7.718324661254883e-05
development,4.0,arithmetic_quality,raw_m9,psnr_db,100,calibration_only,7.207444470723471,6.6566826140880595,7.782578029712042
development,4.0,arithmetic_quality,raw_m9,lpips,100,calibration_only,-0.38668891059234733,-0.40488207310981433,-0.3691707941993762
development,4.0,arithmetic_quality,raw_m9,dino,100,calibration_only,0.7326723580838492,0.7102616086722506,0.7541600590310213
development,4.0,arithmetic_quality,arithmetic_m7,psnr_db,100,calibration_only,1.5899243068695068,1.443390758752823,1.7374155850410462
development,4.0,arithmetic_quality,arithmetic_m7,lpips,100,calibration_only,-0.056663017366081474,-0.06043956239335239,-0.05294396139495074
development,4.0,arithmetic_quality,arithmetic_m7,dino,100,calibration_only,0.03982799470424652,0.031374502196907995,0.047763269782066346
development,4.0,arithmetic_quality,arithmetic_m8,psnr_db,100,calibration_only,0.0,0.0,0.0
development,4.0,arithmetic_quality,arithmetic_m8,lpips,100,calibration_only,0.0,0.0,0.0
development,4.0,arithmetic_quality,arithmetic_m8,dino,100,calibration_only,0.0,0.0,0.0
development,4.0,arithmetic_quality,arithmetic_m9,psnr_db,100,calibration_only,3.2838432025909428,2.7646620319684345,3.8053822773297625
development,4.0,arithmetic_quality,arithmetic_m9,lpips,100,calibration_only,-0.1715896679274738,-0.19492727524849277,-0.14834655903217694
development,4.0,arithmetic_quality,arithmetic_m9,dino,100,calibration_only,0.20382325438161694,0.17102496767354508,0.23798264899073787
development,4.0,arithmetic_quality,raw_reliability,psnr_db,100,calibration_only,0.0008103179931640625,0.0,0.0020487467447916786
development,4.0,arithmetic_quality,raw_reliability,lpips,100,calibration_only,-7.733901341756139e-06,-5.906701087951674e-05,3.5865306854248326e-05
development,4.0,arithmetic_quality,raw_reliability,dino,100,calibration_only,-1.9544760386148718e-05,-0.00013581752777099497,7.718324661254883e-05
development,4.0,arithmetic_quality,raw_quality,psnr_db,100,calibration_only,0.0008103179931640625,0.0,0.0020487467447916786
development,4.0,arithmetic_quality,raw_quality,lpips,100,calibration_only,-7.733901341756139e-06,-5.906701087951674e-05,3.5865306854248326e-05
development,4.0,arithmetic_quality,raw_quality,dino,100,calibration_only,-1.9544760386148718e-05,-0.00013581752777099497,7.718324661254883e-05
development,4.0,arithmetic_quality,raw_goodput,psnr_db,100,calibration_only,0.0008103179931640625,0.0,0.0020487467447916786
development,4.0,arithmetic_quality,raw_goodput,lpips,100,calibration_only,-7.733901341756139e-06,-5.906701087951674e-05,3.5865306854248326e-05
development,4.0,arithmetic_quality,raw_goodput,dino,100,calibration_only,-1.9544760386148718e-05,-0.00013581752777099497,7.718324661254883e-05
development,4.0,arithmetic_quality,old_raw_adaptive,psnr_db,100,calibration_only,0.0008103179931640625,0.0,0.0020487467447916786
development,4.0,arithmetic_quality,old_raw_adaptive,lpips,100,calibration_only,-7.733901341756139e-06,-5.906701087951674e-05,3.5865306854248326e-05
development,4.0,arithmetic_quality,old_raw_adaptive,dino,100,calibration_only,-1.9544760386148718e-05,-0.00013581752777099497,7.718324661254883e-05
development,4.0,arithmetic_quality,r2__full_grid_innovation,psnr_db,100,calibration_only,-1.3485580666859946,-1.4716625502109528,-1.2219166117509201
development,4.0,arithmetic_quality,r2__full_grid_innovation,lpips,100,calibration_only,-0.03360314297179381,-0.03909020410074542,-0.02835639658880731
development,4.0,arithmetic_quality,r2__full_grid_innovation,dino,100,calibration_only,0.09484077930450441,0.08096970375378927,0.10916395066181821
development,4.0,arithmetic_quality,r3__full_grid_prediction_features,psnr_db,100,calibration_only,-1.180105202992757,-1.3228230262597402,-1.0319242559274038
development,4.0,arithmetic_quality,r3__full_grid_prediction_features,lpips,100,calibration_only,-0.0330075154453516,-0.038207475159938144,-0.02798458043827365
development,4.0,arithmetic_quality,r3__full_grid_prediction_features,dino,100,calibration_only,0.09209973663091661,0.07893591336657604,0.10532663026203712
development,4.0,arithmetic_quality,perceptual_deepjscc,psnr_db,100,calibration_only,-4.759877506891886,-4.951122306187949,-4.571720337629319
development,4.0,arithmetic_quality,perceptual_deepjscc,lpips,100,calibration_only,-0.02134892716382941,-0.02943133917699258,-0.013372565132100141
development,4.0,arithmetic_quality,perceptual_deepjscc,dino,100,calibration_only,0.3284715406099955,0.301352063405017,0.3553738779872655
development,4.0,arithmetic_quality,wetok_8PSK_FEC,psnr_db,100,calibration_only,10.228755176862082,9.556891811569532,10.915096468567846
development,4.0,arithmetic_quality,wetok_8PSK_FEC,lpips,100,calibration_only,-0.5307402707822622,-0.5519207422711575,-0.5098107400480657
development,4.0,arithmetic_quality,wetok_8PSK_FEC,dino,100,calibration_only,0.8747443906978394,0.8595547134848311,0.888929459494034
development,5.0,raw_quality,raw_reliability,psnr_db,100,calibration_only,0.0,0.0,0.0
development,5.0,raw_quality,raw_reliability,lpips,100,calibration_only,0.0,0.0,0.0
development,5.0,raw_quality,raw_reliability,dino,100,calibration_only,0.0,0.0,0.0
development,5.0,raw_quality,raw_goodput,psnr_db,100,calibration_only,0.0,0.0,0.0
development,5.0,raw_quality,raw_goodput,lpips,100,calibration_only,0.0,0.0,0.0
development,5.0,raw_quality,raw_goodput,dino,100,calibration_only,0.0,0.0,0.0
development,5.0,arithmetic_quality,arithmetic_reliability,psnr_db,100,calibration_only,0.0,0.0,0.0
development,5.0,arithmetic_quality,arithmetic_reliability,lpips,100,calibration_only,0.0,0.0,0.0
development,5.0,arithmetic_quality,arithmetic_reliability,dino,100,calibration_only,0.0,0.0,0.0
development,5.0,arithmetic_quality,arithmetic_goodput,psnr_db,100,calibration_only,-0.14168962478637684,-0.4415603222052256,0.17223562304178883
development,5.0,arithmetic_quality,arithmetic_goodput,lpips,100,calibration_only,-0.014331141368796428,-0.027191185999972122,-0.0023594276588410133
development,5.0,arithmetic_quality,arithmetic_goodput,dino,100,calibration_only,0.017379982968171444,0.0032321411520242777,0.032084128263096
development,5.0,raw_quality,arithmetic_quality,psnr_db,100,calibration_only,0.0,0.0,0.0
development,5.0,raw_quality,arithmetic_quality,lpips,100,calibration_only,0.0,0.0,0.0
development,5.0,raw_quality,arithmetic_quality,dino,100,calibration_only,0.0,0.0,0.0
development,5.0,arithmetic_quality,raw_m7,psnr_db,100,calibration_only,1.5899243068695068,1.443390758752823,1.7374155850410462
development,5.0,arithmetic_quality,raw_m7,lpips,100,calibration_only,-0.056663017366081474,-0.06043956239335239,-0.05294396139495074
development,5.0,arithmetic_quality,raw_m7,dino,100,calibration_only,0.03982799470424652,0.031374502196907995,0.047763269782066346
development,5.0,arithmetic_quality,raw_m8,psnr_db,100,calibration_only,0.0,0.0,0.0
development,5.0,arithmetic_quality,raw_m8,lpips,100,calibration_only,0.0,0.0,0.0
development,5.0,arithmetic_quality,raw_m8,dino,100,calibration_only,0.0,0.0,0.0
development,5.0,arithmetic_quality,raw_m9,psnr_db,100,calibration_only,2.848309946060181,2.4864026918411253,3.226319425185521
development,5.0,arithmetic_quality,raw_m9,lpips,100,calibration_only,-0.11401535691693424,-0.12454246417976295,-0.10369265555342039
development,5.0,arithmetic_quality,raw_m9,dino,100,calibration_only,0.18623673061529794,0.16487256744938592,0.20825027224499104
development,5.0,arithmetic_quality,arithmetic_m7,psnr_db,100,calibration_only,1.5899243068695068,1.443390758752823,1.7374155850410462
development,5.0,arithmetic_quality,arithmetic_m7,lpips,100,calibration_only,-0.056663017366081474,-0.06043956239335239,-0.05294396139495074
development,5.0,arithmetic_quality,arithmetic_m7,dino,100,calibration_only,0.03982799470424652,0.031374502196907995,0.047763269782066346
development,5.0,arithmetic_quality,arithmetic_m8,psnr_db,100,calibration_only,0.0,0.0,0.0
development,5.0,arithmetic_quality,arithmetic_m8,lpips,100,calibration_only,0.0,0.0,0.0
development,5.0,arithmetic_quality,arithmetic_m8,dino,100,calibration_only,0.0,0.0,0.0
development,5.0,arithmetic_quality,arithmetic_m9,psnr_db,100,calibration_only,-0.14168962478637684,-0.4415603222052256,0.17223562304178883
development,5.0,arithmetic_quality,arithmetic_m9,lpips,100,calibration_only,-0.014331141368796428,-0.027191185999972122,-0.0023594276588410133
development,5.0,arithmetic_quality,arithmetic_m9,dino,100,calibration_only,0.017379982968171444,0.0032321411520242777,0.032084128263096
development,5.0,arithmetic_quality,raw_reliability,psnr_db,100,calibration_only,0.0,0.0,0.0
development,5.0,arithmetic_quality,raw_reliability,lpips,100,calibration_only,0.0,0.0,0.0
development,5.0,arithmetic_quality,raw_reliability,dino,100,calibration_only,0.0,0.0,0.0
development,5.0,arithmetic_quality,raw_quality,psnr_db,100,calibration_only,0.0,0.0,0.0
development,5.0,arithmetic_quality,raw_quality,lpips,100,calibration_only,0.0,0.0,0.0
development,5.0,arithmetic_quality,raw_quality,dino,100,calibration_only,0.0,0.0,0.0
development,5.0,arithmetic_quality,raw_goodput,psnr_db,100,calibration_only,0.0,0.0,0.0
development,5.0,arithmetic_quality,raw_goodput,lpips,100,calibration_only,0.0,0.0,0.0
development,5.0,arithmetic_quality,raw_goodput,dino,100,calibration_only,0.0,0.0,0.0
development,5.0,arithmetic_quality,old_raw_adaptive,psnr_db,100,calibration_only,0.0,0.0,0.0
development,5.0,arithmetic_quality,old_raw_adaptive,lpips,100,calibration_only,0.0,0.0,0.0
development,5.0,arithmetic_quality,old_raw_adaptive,dino,100,calibration_only,0.0,0.0,0.0
development,5.0,arithmetic_quality,r2__full_grid_innovation,psnr_db,100,calibration_only,-1.7455191167195638,-1.8613349138100945,-1.6277542392412818
development,5.0,arithmetic_quality,r2__full_grid_innovation,lpips,100,calibration_only,-0.014397232414533697,-0.019720179599399368,-0.009337032841052865
development,5.0,arithmetic_quality,r2__full_grid_innovation,dino,100,calibration_only,0.05450882504383723,0.043468864324192204,0.06562020513912042
development,5.0,arithmetic_quality,r3__full_grid_prediction_features,psnr_db,100,calibration_only,-1.6211327075958253,-1.7539983327388764,-1.483582353591919
development,5.0,arithmetic_quality,r3__full_grid_prediction_features,lpips,100,calibration_only,-0.012696753976245721,-0.017665182070496183,-0.007895405284439527
development,5.0,arithmetic_quality,r3__full_grid_prediction_features,dino,100,calibration_only,0.051533020337422686,0.041286986783146865,0.062058098971843716
development,5.0,arithmetic_quality,perceptual_deepjscc,psnr_db,100,calibration_only,-5.112696154912313,-5.31826356824239,-4.912041940768559
development,5.0,arithmetic_quality,perceptual_deepjscc,lpips,100,calibration_only,-0.018216947671025992,-0.026202726534878217,-0.010156078807233524
development,5.0,arithmetic_quality,perceptual_deepjscc,dino,100,calibration_only,0.2833239223062992,0.2564824198720356,0.310884383175522
development,5.0,arithmetic_quality,wetok_8PSK_FEC,psnr_db,100,calibration_only,10.207606163024902,9.549110269943872,10.885053616166113
development,5.0,arithmetic_quality,wetok_8PSK_FEC,lpips,100,calibration_only,-0.5290214589921136,-0.550265770712557,-0.50791662588669
development,5.0,arithmetic_quality,wetok_8PSK_FEC,dino,100,calibration_only,0.8729392535146325,0.857744107410894,0.8873821896580436
development,6.0,raw_quality,raw_reliability,psnr_db,100,calibration_only,0.7698022429148357,0.6299838458697005,0.9035603090922035
development,6.0,raw_quality,raw_reliability,lpips,100,calibration_only,-0.02287237133209904,-0.02695366965063537,-0.018885517527349297
development,6.0,raw_quality,raw_reliability,dino,100,calibration_only,0.013143284916877747,0.0058516614387432685,0.0207681852132082
development,6.0,raw_quality,raw_goodput,psnr_db,100,calibration_only,0.7698022429148357,0.6299838458697005,0.9035603090922035
development,6.0,raw_quality,raw_goodput,lpips,100,calibration_only,-0.02287237133209904,-0.02695366965063537,-0.018885517527349297
development,6.0,raw_quality,raw_goodput,dino,100,calibration_only,0.013143284916877747,0.0058516614387432685,0.0207681852132082
development,6.0,arithmetic_quality,arithmetic_reliability,psnr_db,100,calibration_only,0.0,0.0,0.0
development,6.0,arithmetic_quality,arithmetic_reliability,lpips,100,calibration_only,0.0,0.0,0.0
development,6.0,arithmetic_quality,arithmetic_reliability,dino,100,calibration_only,0.0,0.0,0.0
development,6.0,arithmetic_quality,arithmetic_goodput,psnr_db,100,calibration_only,0.0,0.0,0.0
development,6.0,arithmetic_quality,arithmetic_goodput,lpips,100,calibration_only,0.0,0.0,0.0
development,6.0,arithmetic_quality,arithmetic_goodput,dino,100,calibration_only,0.0,0.0,0.0
development,6.0,raw_quality,arithmetic_quality,psnr_db,100,calibration_only,-0.6200708357493083,-0.7798015877405801,-0.45453041950861606
development,6.0,raw_quality,arithmetic_quality,lpips,100,calibration_only,0.01284992763151725,0.0077381179860482605,0.017537446094055973
development,6.0,raw_quality,arithmetic_quality,dino,100,calibration_only,-0.01723922828833262,-0.022759589657187457,-0.011828193162878342
development,6.0,arithmetic_quality,raw_m7,psnr_db,100,calibration_only,2.9797973855336513,2.7266329133510596,3.2311947120030724
development,6.0,arithmetic_quality,raw_m7,lpips,100,calibration_only,-0.09238531632969776,-0.09860359569980452,-0.08618684547456602
development,6.0,arithmetic_quality,raw_m7,dino,100,calibration_only,0.07021050790945688,0.061438797930876414,0.07961504575610161
development,6.0,arithmetic_quality,raw_m8,psnr_db,100,calibration_only,1.389873078664144,1.2415070958137513,1.535161075035731
development,6.0,arithmetic_quality,raw_m8,lpips,100,calibration_only,-0.035722298963616284,-0.03989713312375049,-0.031217538805212827
development,6.0,arithmetic_quality,raw_m8,dino,100,calibration_only,0.030382513205210366,0.02301637332141399,0.03850358333190282
development,6.0,arithmetic_quality,raw_m9,psnr_db,100,calibration_only,0.6200708357493083,0.454530419508616,0.7798015877405801
development,6.0,arithmetic_quality,raw_m9,lpips,100,calibration_only,-0.01284992763151725,-0.017537446094055973,-0.007738117986048261
development,6.0,arithmetic_quality,raw_m9,dino,100,calibration_only,0.01723922828833262,0.01182819316287834,0.022759589657187457
development,6.0,arithmetic_quality,arithmetic_m7,psnr_db,100,calibration_only,2.9797973855336513,2.7266329133510596,3.2311947120030724
development,6.0,arithmetic_quality,arithmetic_m7,lpips,100,calibration_only,-0.09238531632969776,-0.09860359569980452,-0.08618684547456602
development,6.0,arithmetic_quality,arithmetic_m7,dino,100,calibration_only,0.07021050790945688,0.061438797930876414,0.07961504575610161
development,6.0,arithmetic_quality,arithmetic_m8,psnr_db,100,calibration_only,1.389873078664144,1.2415070958137513,1.535161075035731
development,6.0,arithmetic_quality,arithmetic_m8,lpips,100,calibration_only,-0.035722298963616284,-0.03989713312375049,-0.031217538805212827
development,6.0,arithmetic_quality,arithmetic_m8,dino,100,calibration_only,0.030382513205210366,0.02301637332141399,0.03850358333190282
development,6.0,arithmetic_quality,arithmetic_m9,psnr_db,100,calibration_only,0.0,0.0,0.0
development,6.0,arithmetic_quality,arithmetic_m9,lpips,100,calibration_only,0.0,0.0,0.0
development,6.0,arithmetic_quality,arithmetic_m9,dino,100,calibration_only,0.0,0.0,0.0
development,6.0,arithmetic_quality,raw_reliability,psnr_db,100,calibration_only,1.389873078664144,1.2415070958137513,1.535161075035731
development,6.0,arithmetic_quality,raw_reliability,lpips,100,calibration_only,-0.035722298963616284,-0.03989713312375049,-0.031217538805212827
development,6.0,arithmetic_quality,raw_reliability,dino,100,calibration_only,0.030382513205210366,0.02301637332141399,0.03850358333190282
development,6.0,arithmetic_quality,raw_quality,psnr_db,100,calibration_only,0.6200708357493083,0.454530419508616,0.7798015877405801
development,6.0,arithmetic_quality,raw_quality,lpips,100,calibration_only,-0.01284992763151725,-0.017537446094055973,-0.007738117986048261
development,6.0,arithmetic_quality,raw_quality,dino,100,calibration_only,0.01723922828833262,0.01182819316287834,0.022759589657187457
development,6.0,arithmetic_quality,raw_goodput,psnr_db,100,calibration_only,1.389873078664144,1.2415070958137513,1.535161075035731
development,6.0,arithmetic_quality,raw_goodput,lpips,100,calibration_only,-0.035722298963616284,-0.03989713312375049,-0.031217538805212827
development,6.0,arithmetic_quality,raw_goodput,dino,100,calibration_only,0.030382513205210366,0.02301637332141399,0.03850358333190282
development,6.0,arithmetic_quality,old_raw_adaptive,psnr_db,100,calibration_only,0.6200708357493083,0.454530419508616,0.7798015877405801
development,6.0,arithmetic_quality,old_raw_adaptive,lpips,100,calibration_only,-0.01284992763151725,-0.017537446094055973,-0.007738117986048261
development,6.0,arithmetic_quality,old_raw_adaptive,dino,100,calibration_only,0.01723922828833262,0.01182819316287834,0.022759589657187457
development,6.0,arithmetic_quality,r2__full_grid_innovation,psnr_db,100,calibration_only,-0.744885040918986,-0.9167594263553617,-0.587896381219228
development,6.0,arithmetic_quality,r2__full_grid_innovation,lpips,100,calibration_only,-0.033462517578154806,-0.0391783621700791,-0.0273464669805641
development,6.0,arithmetic_quality,r2__full_grid_innovation,dino,100,calibration_only,0.0542780781785647,0.04549900199721258,0.06371370875338711
development,6.0,arithmetic_quality,r3__full_grid_prediction_features,psnr_db,100,calibration_only,-0.6641157881418862,-0.8377957632541657,-0.4990108757019042
development,6.0,arithmetic_quality,r3__full_grid_prediction_features,lpips,100,calibration_only,-0.030997066472967464,-0.036454430859225485,-0.025097343159839518
development,6.0,arithmetic_quality,r3__full_grid_prediction_features,dino,100,calibration_only,0.05173391878604889,0.043208690255880346,0.060910348271330204
development,6.0,arithmetic_quality,perceptual_deepjscc,psnr_db,100,calibration_only,-3.9332665602366133,-4.1329855651060745,-3.7476456265449523
development,6.0,arithmetic_quality,perceptual_deepjscc,lpips,100,calibration_only,-0.03226265747100115,-0.040262396628657986,-0.024155253769519436
development,6.0,arithmetic_quality,perceptual_deepjscc,dino,100,calibration_only,0.3019780074556669,0.2760724621651074,0.32836217546338836
development,6.0,arithmetic_quality,wetok_8PSK_FEC,psnr_db,100,calibration_only,11.52025007088979,10.811060080091158,12.244584144949915
development,6.0,arithmetic_quality,wetok_8PSK_FEC,lpips,100,calibration_only,-0.5627790446206926,-0.5844264293008795,-0.541453970752346
development,6.0,arithmetic_quality,wetok_8PSK_FEC,dino,100,calibration_only,0.9023276487598195,0.8890135487552423,0.9154709680814995
development,7.0,raw_quality,raw_reliability,psnr_db,100,calibration_only,1.4780626742045089,1.3548922030131023,1.6040514432589215
development,7.0,raw_quality,raw_reliability,lpips,100,calibration_only,-0.039670340735465284,-0.043091263965548326,-0.03635701992207517
development,7.0,raw_quality,raw_reliability,dino,100,calibration_only,0.03206875940163931,0.025297730296850205,0.039589077154795316
development,7.0,raw_quality,raw_goodput,psnr_db,100,calibration_only,0.0,0.0,0.0
development,7.0,raw_quality,raw_goodput,lpips,100,calibration_only,0.0,0.0,0.0
development,7.0,raw_quality,raw_goodput,dino,100,calibration_only,0.0,0.0,0.0
development,7.0,arithmetic_quality,arithmetic_reliability,psnr_db,100,calibration_only,0.0,0.0,0.0
development,7.0,arithmetic_quality,arithmetic_reliability,lpips,100,calibration_only,0.0,0.0,0.0
development,7.0,arithmetic_quality,arithmetic_reliability,dino,100,calibration_only,0.0,0.0,0.0
development,7.0,arithmetic_quality,arithmetic_goodput,psnr_db,100,calibration_only,0.0,0.0,0.0
development,7.0,arithmetic_quality,arithmetic_goodput,lpips,100,calibration_only,0.0,0.0,0.0
development,7.0,arithmetic_quality,arithmetic_goodput,dino,100,calibration_only,0.0,0.0,0.0
development,7.0,raw_quality,arithmetic_quality,psnr_db,100,calibration_only,-0.05441684405008948,-0.09169181100527439,-0.020779019832611104
development,7.0,raw_quality,arithmetic_quality,lpips,100,calibration_only,0.0013574735323588056,0.0006573042549813787,0.002169140560242037
development,7.0,raw_quality,arithmetic_quality,dino,100,calibration_only,-0.0019776389996210707,-0.0035415841142336494,-0.0006104397972424774
development,7.0,arithmetic_quality,raw_m7,psnr_db,100,calibration_only,3.1224038251241053,2.882961460590363,3.3637639403343202
development,7.0,arithmetic_quality,raw_m7,lpips,100,calibration_only,-0.09769083163390556,-0.10350008053394655,-0.09202263264823704
development,7.0,arithmetic_quality,raw_m7,dino,100,calibration_only,0.07387439310550689,0.06486440168321132,0.08345948873460293
development,7.0,arithmetic_quality,raw_m8,psnr_db,100,calibration_only,1.532479518254598,1.413904838323593,1.6545941323439282
development,7.0,arithmetic_quality,raw_m8,lpips,100,calibration_only,-0.041027814267824085,-0.04429726055311039,-0.03783465739479288
development,7.0,arithmetic_quality,raw_m8,dino,100,calibration_only,0.03404639840126038,0.0271931209564209,0.04169685199360053
development,7.0,arithmetic_quality,raw_m9,psnr_db,100,calibration_only,0.05441684405008948,0.020779019832611104,0.09169181100527438
development,7.0,arithmetic_quality,raw_m9,lpips,100,calibration_only,-0.0013574735323588056,-0.002169140560242037,-0.0006573042549813788
development,7.0,arithmetic_quality,raw_m9,dino,100,calibration_only,0.0019776389996210707,0.0006104397972424757,0.0035415841142336485
development,7.0,arithmetic_quality,arithmetic_m7,psnr_db,100,calibration_only,3.1224038251241053,2.882961460590363,3.3637639403343202
development,7.0,arithmetic_quality,arithmetic_m7,lpips,100,calibration_only,-0.09769083163390556,-0.10350008053394655,-0.09202263264823704
development,7.0,arithmetic_quality,arithmetic_m7,dino,100,calibration_only,0.07387439310550689,0.06486440168321132,0.08345948873460293
development,7.0,arithmetic_quality,arithmetic_m8,psnr_db,100,calibration_only,1.532479518254598,1.413904838323593,1.6545941323439282
development,7.0,arithmetic_quality,arithmetic_m8,lpips,100,calibration_only,-0.041027814267824085,-0.04429726055311039,-0.03783465739479288
development,7.0,arithmetic_quality,arithmetic_m8,dino,100,calibration_only,0.03404639840126038,0.0271931209564209,0.04169685199360053
development,7.0,arithmetic_quality,arithmetic_m9,psnr_db,100,calibration_only,0.0,0.0,0.0
development,7.0,arithmetic_quality,arithmetic_m9,lpips,100,calibration_only,0.0,0.0,0.0
development,7.0,arithmetic_quality,arithmetic_m9,dino,100,calibration_only,0.0,0.0,0.0
development,7.0,arithmetic_quality,raw_reliability,psnr_db,100,calibration_only,1.532479518254598,1.413904838323593,1.6545941323439282
development,7.0,arithmetic_quality,raw_reliability,lpips,100,calibration_only,-0.041027814267824085,-0.04429726055311039,-0.03783465739479288
development,7.0,arithmetic_quality,raw_reliability,dino,100,calibration_only,0.03404639840126038,0.0271931209564209,0.04169685199360053
development,7.0,arithmetic_quality,raw_quality,psnr_db,100,calibration_only,0.05441684405008948,0.020779019832611104,0.09169181100527438
development,7.0,arithmetic_quality,raw_quality,lpips,100,calibration_only,-0.0013574735323588056,-0.002169140560242037,-0.0006573042549813788
development,7.0,arithmetic_quality,raw_quality,dino,100,calibration_only,0.0019776389996210707,0.0006104397972424757,0.0035415841142336485
development,7.0,arithmetic_quality,raw_goodput,psnr_db,100,calibration_only,0.05441684405008948,0.020779019832611104,0.09169181100527438
development,7.0,arithmetic_quality,raw_goodput,lpips,100,calibration_only,-0.0013574735323588056,-0.002169140560242037,-0.0006573042549813788
development,7.0,arithmetic_quality,raw_goodput,dino,100,calibration_only,0.0019776389996210707,0.0006104397972424757,0.0035415841142336485
development,7.0,arithmetic_quality,old_raw_adaptive,psnr_db,100,calibration_only,0.05441684405008948,0.020779019832611104,0.09169181100527438
development,7.0,arithmetic_quality,old_raw_adaptive,lpips,100,calibration_only,-0.0013574735323588056,-0.002169140560242037,-0.0006573042549813788
development,7.0,arithmetic_quality,old_raw_adaptive,dino,100,calibration_only,0.0019776389996210707,0.0006104397972424757,0.0035415841142336485
development,7.0,arithmetic_quality,r2__full_grid_innovation,psnr_db,100,calibration_only,-0.9730513064066567,-1.0672102162043253,-0.87545756816864
development,7.0,arithmetic_quality,r2__full_grid_innovation,lpips,100,calibration_only,-0.024748308969040712,-0.029102879898622636,-0.0207111441300561
development,7.0,arithmetic_quality,r2__full_grid_innovation,dino,100,calibration_only,0.035579792857170105,0.028546148980657264,0.04308121605714164
development,7.0,arithmetic_quality,r3__full_grid_prediction_features,psnr_db,100,calibration_only,-0.9407832654317219,-1.0359269221623737,-0.8442000606854757
development,7.0,arithmetic_quality,r3__full_grid_prediction_features,lpips,100,calibration_only,-0.021504633507380886,-0.02561205136108523,-0.017799476666841656
development,7.0,arithmetic_quality,r3__full_grid_prediction_features,dino,100,calibration_only,0.0326831458012263,0.025810949727892885,0.04006697381039461
development,7.0,arithmetic_quality,perceptual_deepjscc,psnr_db,100,calibration_only,-4.131420726776122,-4.288302038828532,-3.971810368061066
development,7.0,arithmetic_quality,perceptual_deepjscc,lpips,100,calibration_only,-0.030428198302785554,-0.03741011831909418,-0.0237310616398851
development,7.0,arithmetic_quality,perceptual_deepjscc,dino,100,calibration_only,0.2683367956678072,0.24306676139434177,0.2946618387202422
development,7.0,arithmetic_quality,wetok_8PSK_FEC,psnr_db,100,calibration_only,11.553889977137246,10.873881658991179,12.244603090047836
development,7.0,arithmetic_quality,wetok_8PSK_FEC,lpips,100,calibration_only,-0.563563957499961,-0.5836539446748792,-0.5438245256344477
development,7.0,arithmetic_quality,wetok_8PSK_FEC,dino,100,calibration_only,0.9059655807105205,0.8936341290976464,0.9184164860784078
development,13.0,raw_quality,raw_reliability,psnr_db,100,calibration_only,0.0,0.0,0.0
development,13.0,raw_quality,raw_reliability,lpips,100,calibration_only,0.0,0.0,0.0
development,13.0,raw_quality,raw_reliability,dino,100,calibration_only,0.0,0.0,0.0
development,13.0,raw_quality,raw_goodput,psnr_db,100,calibration_only,0.0,0.0,0.0
development,13.0,raw_quality,raw_goodput,lpips,100,calibration_only,0.0,0.0,0.0
development,13.0,raw_quality,raw_goodput,dino,100,calibration_only,0.0,0.0,0.0
development,13.0,arithmetic_quality,arithmetic_reliability,psnr_db,100,calibration_only,0.0,0.0,0.0
development,13.0,arithmetic_quality,arithmetic_reliability,lpips,100,calibration_only,0.0,0.0,0.0
development,13.0,arithmetic_quality,arithmetic_reliability,dino,100,calibration_only,0.0,0.0,0.0
development,13.0,arithmetic_quality,arithmetic_goodput,psnr_db,100,calibration_only,0.0,0.0,0.0
development,13.0,arithmetic_quality,arithmetic_goodput,lpips,100,calibration_only,0.0,0.0,0.0
development,13.0,arithmetic_quality,arithmetic_goodput,dino,100,calibration_only,0.0,0.0,0.0
development,13.0,raw_quality,arithmetic_quality,psnr_db,100,calibration_only,0.0,0.0,0.0
development,13.0,raw_quality,arithmetic_quality,lpips,100,calibration_only,0.0,0.0,0.0
development,13.0,raw_quality,arithmetic_quality,dino,100,calibration_only,0.0,0.0,0.0
development,13.0,arithmetic_quality,raw_m7,psnr_db,100,calibration_only,3.1420285415649416,2.8961904959678653,3.387504819154739
development,13.0,arithmetic_quality,raw_m7,lpips,100,calibration_only,-0.09790872495621443,-0.10372709688264876,-0.09227897461596876
development,13.0,arithmetic_quality,raw_m7,dino,100,calibration_only,0.07395710468292237,0.06498505599796772,0.08352533300220967
development,13.0,arithmetic_quality,raw_m8,psnr_db,100,calibration_only,1.5521042346954346,1.4296515719890595,1.6799753096103667
development,13.0,arithmetic_quality,raw_m8,lpips,100,calibration_only,-0.04124570759013295,-0.044493221805430944,-0.038049769384786485
development,13.0,arithmetic_quality,raw_m8,dino,100,calibration_only,0.03412910997867584,0.02728271046280861,0.04181752337515354
development,13.0,arithmetic_quality,raw_m9,psnr_db,100,calibration_only,0.0,0.0,0.0
development,13.0,arithmetic_quality,raw_m9,lpips,100,calibration_only,0.0,0.0,0.0
development,13.0,arithmetic_quality,raw_m9,dino,100,calibration_only,0.0,0.0,0.0
development,13.0,arithmetic_quality,arithmetic_m7,psnr_db,100,calibration_only,3.1420285415649416,2.8961904959678653,3.387504819154739
development,13.0,arithmetic_quality,arithmetic_m7,lpips,100,calibration_only,-0.09790872495621443,-0.10372709688264876,-0.09227897461596876
development,13.0,arithmetic_quality,arithmetic_m7,dino,100,calibration_only,0.07395710468292237,0.06498505599796772,0.08352533300220967
development,13.0,arithmetic_quality,arithmetic_m8,psnr_db,100,calibration_only,1.5521042346954346,1.4296515719890595,1.6799753096103667
development,13.0,arithmetic_quality,arithmetic_m8,lpips,100,calibration_only,-0.04124570759013295,-0.044493221805430944,-0.038049769384786485
development,13.0,arithmetic_quality,arithmetic_m8,dino,100,calibration_only,0.03412910997867584,0.02728271046280861,0.04181752337515354
development,13.0,arithmetic_quality,arithmetic_m9,psnr_db,100,calibration_only,0.0,0.0,0.0
development,13.0,arithmetic_quality,arithmetic_m9,lpips,100,calibration_only,0.0,0.0,0.0
development,13.0,arithmetic_quality,arithmetic_m9,dino,100,calibration_only,0.0,0.0,0.0
development,13.0,arithmetic_quality,raw_reliability,psnr_db,100,calibration_only,0.0,0.0,0.0
development,13.0,arithmetic_quality,raw_reliability,lpips,100,calibration_only,0.0,0.0,0.0
development,13.0,arithmetic_quality,raw_reliability,dino,100,calibration_only,0.0,0.0,0.0
development,13.0,arithmetic_quality,raw_quality,psnr_db,100,calibration_only,0.0,0.0,0.0
development,13.0,arithmetic_quality,raw_quality,lpips,100,calibration_only,0.0,0.0,0.0
development,13.0,arithmetic_quality,raw_quality,dino,100,calibration_only,0.0,0.0,0.0
development,13.0,arithmetic_quality,raw_goodput,psnr_db,100,calibration_only,0.0,0.0,0.0
development,13.0,arithmetic_quality,raw_goodput,lpips,100,calibration_only,0.0,0.0,0.0
development,13.0,arithmetic_quality,raw_goodput,dino,100,calibration_only,0.0,0.0,0.0
development,13.0,arithmetic_quality,old_raw_adaptive,psnr_db,100,calibration_only,0.0,0.0,0.0
development,13.0,arithmetic_quality,old_raw_adaptive,lpips,100,calibration_only,0.0,0.0,0.0
development,13.0,arithmetic_quality,old_raw_adaptive,dino,100,calibration_only,0.0,0.0,0.0
development,13.0,arithmetic_quality,r2__full_grid_innovation,psnr_db,100,calibration_only,-2.3693720499674478,-2.4607175846099856,-2.2767821221351623
development,13.0,arithmetic_quality,r2__full_grid_innovation,lpips,100,calibration_only,0.020606807613124452,0.016767701650504025,0.0242851681431445
development,13.0,arithmetic_quality,r2__full_grid_innovation,dino,100,calibration_only,-0.014252989093462629,-0.018802270735303564,-0.009658830439051
development,13.0,arithmetic_quality,r3__full_grid_prediction_features,psnr_db,100,calibration_only,-2.4863412221272787,-2.5820712761878966,-2.3878308963775634
development,13.0,arithmetic_quality,r3__full_grid_prediction_features,lpips,100,calibration_only,0.024813321568071842,0.021235715176444497,0.0282465472832943
development,13.0,arithmetic_quality,r3__full_grid_prediction_features,dino,100,calibration_only,-0.01660203317801157,-0.021176923205455132,-0.012079201132059085
development,13.0,arithmetic_quality,perceptual_deepjscc,psnr_db,100,calibration_only,-5.223544381459554,-5.4278491425514215,-5.015647669315338
development,13.0,arithmetic_quality,perceptual_deepjscc,lpips,100,calibration_only,-0.002752200073252121,-0.00973387226089835,0.004016148652570937
development,13.0,arithmetic_quality,perceptual_deepjscc,dino,100,calibration_only,0.17870545451839764,0.1559160727808873,0.2036792173894743
development,13.0,arithmetic_quality,wetok_8PSK_FEC,psnr_db,100,calibration_only,-2.483057804107666,-2.6491472206115723,-2.313041857083639
development,13.0,arithmetic_quality,wetok_8PSK_FEC,lpips,100,calibration_only,0.048858446317414435,0.04581503972085193,0.05181813999265432
development,13.0,arithmetic_quality,wetok_8PSK_FEC,dino,100,calibration_only,-0.030377049247423807,-0.03464289992551009,-0.02615847072005272
development,19.0,raw_quality,raw_reliability,psnr_db,100,calibration_only,0.0,0.0,0.0
development,19.0,raw_quality,raw_reliability,lpips,100,calibration_only,0.0,0.0,0.0
development,19.0,raw_quality,raw_reliability,dino,100,calibration_only,0.0,0.0,0.0
development,19.0,raw_quality,raw_goodput,psnr_db,100,calibration_only,0.0,0.0,0.0
development,19.0,raw_quality,raw_goodput,lpips,100,calibration_only,0.0,0.0,0.0
development,19.0,raw_quality,raw_goodput,dino,100,calibration_only,0.0,0.0,0.0
development,19.0,arithmetic_quality,arithmetic_reliability,psnr_db,100,calibration_only,0.0,0.0,0.0
development,19.0,arithmetic_quality,arithmetic_reliability,lpips,100,calibration_only,0.0,0.0,0.0
development,19.0,arithmetic_quality,arithmetic_reliability,dino,100,calibration_only,0.0,0.0,0.0
development,19.0,arithmetic_quality,arithmetic_goodput,psnr_db,100,calibration_only,0.0,0.0,0.0
development,19.0,arithmetic_quality,arithmetic_goodput,lpips,100,calibration_only,0.0,0.0,0.0
development,19.0,arithmetic_quality,arithmetic_goodput,dino,100,calibration_only,0.0,0.0,0.0
development,19.0,raw_quality,arithmetic_quality,psnr_db,100,calibration_only,0.0,0.0,0.0
development,19.0,raw_quality,arithmetic_quality,lpips,100,calibration_only,0.0,0.0,0.0
development,19.0,raw_quality,arithmetic_quality,dino,100,calibration_only,0.0,0.0,0.0
development,19.0,arithmetic_quality,raw_m7,psnr_db,100,calibration_only,3.1420285415649416,2.8961904959678653,3.387504819154739
development,19.0,arithmetic_quality,raw_m7,lpips,100,calibration_only,-0.09790872495621443,-0.10372709688264876,-0.09227897461596876
development,19.0,arithmetic_quality,raw_m7,dino,100,calibration_only,0.07395710468292237,0.06498505599796772,0.08352533300220967
development,19.0,arithmetic_quality,raw_m8,psnr_db,100,calibration_only,1.5521042346954346,1.4296515719890595,1.6799753096103667
development,19.0,arithmetic_quality,raw_m8,lpips,100,calibration_only,-0.04124570759013295,-0.044493221805430944,-0.038049769384786485
development,19.0,arithmetic_quality,raw_m8,dino,100,calibration_only,0.03412910997867584,0.02728271046280861,0.04181752337515354
development,19.0,arithmetic_quality,raw_m9,psnr_db,100,calibration_only,0.0,0.0,0.0
development,19.0,arithmetic_quality,raw_m9,lpips,100,calibration_only,0.0,0.0,0.0
development,19.0,arithmetic_quality,raw_m9,dino,100,calibration_only,0.0,0.0,0.0
development,19.0,arithmetic_quality,arithmetic_m7,psnr_db,100,calibration_only,3.1420285415649416,2.8961904959678653,3.387504819154739
development,19.0,arithmetic_quality,arithmetic_m7,lpips,100,calibration_only,-0.09790872495621443,-0.10372709688264876,-0.09227897461596876
development,19.0,arithmetic_quality,arithmetic_m7,dino,100,calibration_only,0.07395710468292237,0.06498505599796772,0.08352533300220967
development,19.0,arithmetic_quality,arithmetic_m8,psnr_db,100,calibration_only,1.5521042346954346,1.4296515719890595,1.6799753096103667
development,19.0,arithmetic_quality,arithmetic_m8,lpips,100,calibration_only,-0.04124570759013295,-0.044493221805430944,-0.038049769384786485
development,19.0,arithmetic_quality,arithmetic_m8,dino,100,calibration_only,0.03412910997867584,0.02728271046280861,0.04181752337515354
development,19.0,arithmetic_quality,arithmetic_m9,psnr_db,100,calibration_only,0.0,0.0,0.0
development,19.0,arithmetic_quality,arithmetic_m9,lpips,100,calibration_only,0.0,0.0,0.0
development,19.0,arithmetic_quality,arithmetic_m9,dino,100,calibration_only,0.0,0.0,0.0
development,19.0,arithmetic_quality,raw_reliability,psnr_db,100,calibration_only,0.0,0.0,0.0
development,19.0,arithmetic_quality,raw_reliability,lpips,100,calibration_only,0.0,0.0,0.0
development,19.0,arithmetic_quality,raw_reliability,dino,100,calibration_only,0.0,0.0,0.0
development,19.0,arithmetic_quality,raw_quality,psnr_db,100,calibration_only,0.0,0.0,0.0
development,19.0,arithmetic_quality,raw_quality,lpips,100,calibration_only,0.0,0.0,0.0
development,19.0,arithmetic_quality,raw_quality,dino,100,calibration_only,0.0,0.0,0.0
development,19.0,arithmetic_quality,raw_goodput,psnr_db,100,calibration_only,0.0,0.0,0.0
development,19.0,arithmetic_quality,raw_goodput,lpips,100,calibration_only,0.0,0.0,0.0
development,19.0,arithmetic_quality,raw_goodput,dino,100,calibration_only,0.0,0.0,0.0
development,19.0,arithmetic_quality,old_raw_adaptive,psnr_db,100,calibration_only,0.0,0.0,0.0
development,19.0,arithmetic_quality,old_raw_adaptive,lpips,100,calibration_only,0.0,0.0,0.0
development,19.0,arithmetic_quality,old_raw_adaptive,dino,100,calibration_only,0.0,0.0,0.0
development,19.0,arithmetic_quality,r2__full_grid_innovation,psnr_db,100,calibration_only,-2.7227991040547694,-2.840810473124186,-2.6036183972358704
development,19.0,arithmetic_quality,r2__full_grid_innovation,lpips,100,calibration_only,0.03190948556177318,0.02824279921075019,0.03545292005563776
development,19.0,arithmetic_quality,r2__full_grid_innovation,dino,100,calibration_only,-0.022098864714304604,-0.026404759680231406,-0.017784277394413947
development,19.0,arithmetic_quality,r3__full_grid_prediction_features,psnr_db,100,calibration_only,-2.793562138875325,-2.9145121903419495,-2.6705281216303516
development,19.0,arithmetic_quality,r3__full_grid_prediction_features,lpips,100,calibration_only,0.03525816597975791,0.031950194327160716,0.03847688321769237
development,19.0,arithmetic_quality,r3__full_grid_prediction_features,dino,100,calibration_only,-0.02214685559272767,-0.026409796719749776,-0.017883241653442395
development,19.0,arithmetic_quality,perceptual_deepjscc,psnr_db,100,calibration_only,-5.639519036610921,-5.877901740233103,-5.400212015628815
development,19.0,arithmetic_quality,perceptual_deepjscc,lpips,100,calibration_only,0.005524417863537869,-0.0015920543226723867,0.012396151828424384
development,19.0,arithmetic_quality,perceptual_deepjscc,dino,100,calibration_only,0.15109458496173223,0.12917174331347148,0.17573517265419164
development,19.0,arithmetic_quality,wetok_8PSK_FEC,psnr_db,100,calibration_only,-2.4955884170532228,-2.662613937854767,-2.325080762863159
development,19.0,arithmetic_quality,wetok_8PSK_FEC,lpips,100,calibration_only,0.049084740597754715,0.04603289576107636,0.05204912542598322
development,19.0,arithmetic_quality,wetok_8PSK_FEC,dino,100,calibration_only,-0.030539249777793886,-0.03485291104018688,-0.026320123001933097
development,primary_1_4_7,raw_quality,raw_reliability,psnr_db,100,calibration_only,0.4926875580681694,0.4516307343377005,0.5346838144196403
development,primary_1_4_7,raw_quality,raw_reliability,lpips,100,calibration_only,-0.013223446911821762,-0.014363754655182772,-0.012119006640691722
development,primary_1_4_7,raw_quality,raw_reliability,dino,100,calibration_only,0.0106895864672131,0.008432576765616736,0.013196359051598442
development,primary_1_4_7,raw_quality,raw_goodput,psnr_db,100,calibration_only,0.0,0.0,0.0
development,primary_1_4_7,raw_quality,raw_goodput,lpips,100,calibration_only,0.0,0.0,0.0
development,primary_1_4_7,raw_quality,raw_goodput,dino,100,calibration_only,0.0,0.0,0.0
development,primary_1_4_7,arithmetic_quality,arithmetic_reliability,psnr_db,100,calibration_only,0.0,0.0,0.0
development,primary_1_4_7,arithmetic_quality,arithmetic_reliability,lpips,100,calibration_only,0.0,0.0,0.0
development,primary_1_4_7,arithmetic_quality,arithmetic_reliability,dino,100,calibration_only,0.0,0.0,0.0
development,primary_1_4_7,arithmetic_quality,arithmetic_goodput,psnr_db,100,calibration_only,0.0,0.0,0.0
development,primary_1_4_7,arithmetic_quality,arithmetic_goodput,lpips,100,calibration_only,0.0,0.0,0.0
development,primary_1_4_7,arithmetic_quality,arithmetic_goodput,dino,100,calibration_only,0.0,0.0,0.0
development,primary_1_4_7,raw_quality,arithmetic_quality,psnr_db,100,calibration_only,-0.04252129978603806,-0.07691900791062296,-0.016860994948281267
development,primary_1_4_7,raw_quality,arithmetic_quality,lpips,100,calibration_only,0.0011831624019477095,0.0002675553356400788,0.002165379768858352
development,primary_1_4_7,raw_quality,arithmetic_quality,dino,100,calibration_only,-0.0004863073759608727,-0.00158008596466647,0.0009154576725430107
development,primary_1_4_7,arithmetic_quality,raw_m7,psnr_db,100,calibration_only,1.5948882897694907,1.468732909997304,1.7202468554443788
development,primary_1_4_7,arithmetic_quality,raw_m7,lpips,100,calibration_only,-0.052179376257376536,-0.05528842447061713,-0.04916998843641745
development,primary_1_4_7,arithmetic_quality,raw_m7,dino,100,calibration_only,0.037734405232800375,0.032365195862121054,0.04325171166244479
development,primary_1_4_7,arithmetic_quality,raw_m8,psnr_db,100,calibration_only,1.0160145579444038,0.8917552529705897,1.1509299011495377
development,primary_1_4_7,arithmetic_quality,raw_m8,lpips,100,calibration_only,-0.032346891444176434,-0.03632671966641727,-0.02866513611552201
development,primary_1_4_7,arithmetic_quality,raw_m8,dino,100,calibration_only,0.04230729492174254,0.03524307587949767,0.049965299621638315
development,primary_1_4_7,arithmetic_quality,raw_m9,psnr_db,100,calibration_only,5.173670533498129,4.80802708056238,5.5569199672804945
development,primary_1_4_7,arithmetic_quality,raw_m9,lpips,100,calibration_only,-0.2866764007819196,-0.29880079586503816,-0.2747476541977893
development,primary_1_4_7,arithmetic_quality,raw_m9,dino,100,calibration_only,0.5172868288401514,0.5052153534530144,0.5292516135049519
development,primary_1_4_7,arithmetic_quality,arithmetic_m7,psnr_db,100,calibration_only,1.5707760439978704,1.444031934340795,1.697354337983661
development,primary_1_4_7,arithmetic_quality,arithmetic_m7,lpips,100,calibration_only,-0.05145128299999568,-0.0545354611527485,-0.04845448831960352
development,primary_1_4_7,arithmetic_quality,arithmetic_m7,dino,100,calibration_only,0.03790079593658447,0.03264649246798621,0.043252335228853744
development,primary_1_4_7,arithmetic_quality,arithmetic_m8,psnr_db,100,calibration_only,1.5460088009304473,1.4027646670341491,1.6931364654832415
development,primary_1_4_7,arithmetic_quality,arithmetic_m8,lpips,100,calibration_only,-0.06973436156080828,-0.07629442294562856,-0.06326460423196356
development,primary_1_4_7,arithmetic_quality,arithmetic_m8,dino,100,calibration_only,0.08312978527612155,0.072271231893657,0.09447369160813592
development,primary_1_4_7,arithmetic_quality,arithmetic_m9,psnr_db,100,calibration_only,3.5777353816562227,3.349664893600676,3.814501027743022
development,primary_1_4_7,arithmetic_quality,arithmetic_m9,lpips,100,calibration_only,-0.1978343132034772,-0.2070048179754263,-0.18847439706087527
development,primary_1_4_7,arithmetic_quality,arithmetic_m9,dino,100,calibration_only,0.24636515220730676,0.22996897130997646,0.26329176897053713
development,primary_1_4_7,arithmetic_quality,raw_reliability,psnr_db,100,calibration_only,0.5352088578542076,0.4889742901855047,0.5831804785463546
development,primary_1_4_7,arithmetic_quality,raw_reliability,lpips,100,calibration_only,-0.014406609313769468,-0.015888459083365475,-0.0129711221714711
development,primary_1_4_7,arithmetic_quality,raw_reliability,dino,100,calibration_only,0.011175893843173976,0.0085430911100573,0.013941435708767831
development,primary_1_4_7,arithmetic_quality,raw_quality,psnr_db,100,calibration_only,0.04252129978603806,0.016860994948281225,0.07691900791062296
development,primary_1_4_7,arithmetic_quality,raw_quality,lpips,100,calibration_only,-0.0011831624019477095,-0.0021653797688583527,-0.0002675553356400789
development,primary_1_4_7,arithmetic_quality,raw_quality,dino,100,calibration_only,0.0004863073759608727,-0.000915457672543011,0.0015800859646664695
development,primary_1_4_7,arithmetic_quality,raw_goodput,psnr_db,100,calibration_only,0.04252129978603806,0.016860994948281225,0.07691900791062296
development,primary_1_4_7,arithmetic_quality,raw_goodput,lpips,100,calibration_only,-0.0011831624019477095,-0.0021653797688583527,-0.0002675553356400789
development,primary_1_4_7,arithmetic_quality,raw_goodput,dino,100,calibration_only,0.0004863073759608727,-0.000915457672543011,0.0015800859646664695
development,primary_1_4_7,arithmetic_quality,old_raw_adaptive,psnr_db,100,calibration_only,0.04252129978603806,0.016860994948281225,0.07691900791062296
development,primary_1_4_7,arithmetic_quality,old_raw_adaptive,lpips,100,calibration_only,-0.0011831624019477095,-0.0021653797688583527,-0.0002675553356400789
development,primary_1_4_7,arithmetic_quality,old_raw_adaptive,dino,100,calibration_only,0.0004863073759608727,-0.000915457672543011,0.0015800859646664695
development,primary_1_4_7,arithmetic_quality,r2__full_grid_innovation,psnr_db,100,calibration_only,-1.3360204177432593,-1.4488294795354208,-1.2176126825809481
development,primary_1_4_7,arithmetic_quality,r2__full_grid_innovation,lpips,100,calibration_only,-0.037962515743242366,-0.043173639743485384,-0.03304148350542204
development,primary_1_4_7,arithmetic_quality,r2__full_grid_innovation,dino,100,calibration_only,0.1306701248884201,0.1166493063312438,0.14522185565945173
development,primary_1_4_7,arithmetic_quality,r3__full_grid_prediction_features,psnr_db,100,calibration_only,-1.2100713867611352,-1.3354094165696038,-1.080536835140652
development,primary_1_4_7,arithmetic_quality,r3__full_grid_prediction_features,lpips,100,calibration_only,-0.03615146664902568,-0.041101465314626696,-0.031498676869604315
development,primary_1_4_7,arithmetic_quality,r3__full_grid_prediction_features,dino,100,calibration_only,0.12971000565422905,0.11631422211353974,0.1433658952895138
development,primary_1_4_7,arithmetic_quality,perceptual_deepjscc,psnr_db,100,calibration_only,-4.709164051479763,-4.8981561463409005,-4.519192568937937
development,primary_1_4_7,arithmetic_quality,perceptual_deepjscc,lpips,100,calibration_only,-0.02271095122521122,-0.030580003124816967,-0.015027007178144742
development,primary_1_4_7,arithmetic_quality,perceptual_deepjscc,dino,100,calibration_only,0.34280226611221837,0.317549995850099,0.3680547984993706
development,primary_1_4_7,arithmetic_quality,wetok_8PSK_FEC,psnr_db,100,calibration_only,10.1436572154363,9.491207160923217,10.815263782792623
development,primary_1_4_7,arithmetic_quality,wetok_8PSK_FEC,lpips,100,calibration_only,-0.522700391355902,-0.5440304806555828,-0.5017661088213015
development,primary_1_4_7,arithmetic_quality,wetok_8PSK_FEC,dino,100,calibration_only,0.8725640984629799,0.8582471748056381,0.8865058476598674
development,transition_5_6,raw_quality,raw_reliability,psnr_db,100,calibration_only,0.3849011214574176,0.3149919229348497,0.45178015454610176
development,transition_5_6,raw_quality,raw_reliability,lpips,100,calibration_only,-0.01143618566604952,-0.01347683482531769,-0.009442758763674649
development,transition_5_6,raw_quality,raw_reliability,dino,100,calibration_only,0.006571642458438872,0.0029258307193716416,0.0103840926066041
development,transition_5_6,raw_quality,raw_goodput,psnr_db,100,calibration_only,0.3849011214574176,0.3149919229348497,0.45178015454610176
development,transition_5_6,raw_quality,raw_goodput,lpips,100,calibration_only,-0.01143618566604952,-0.01347683482531769,-0.009442758763674649
development,transition_5_6,raw_quality,raw_goodput,dino,100,calibration_only,0.006571642458438872,0.0029258307193716416,0.0103840926066041
development,transition_5_6,arithmetic_quality,arithmetic_reliability,psnr_db,100,calibration_only,0.0,0.0,0.0
development,transition_5_6,arithmetic_quality,arithmetic_reliability,lpips,100,calibration_only,0.0,0.0,0.0
development,transition_5_6,arithmetic_quality,arithmetic_reliability,dino,100,calibration_only,0.0,0.0,0.0
development,transition_5_6,arithmetic_quality,arithmetic_goodput,psnr_db,100,calibration_only,-0.07084481239318867,-0.22078016110261292,0.08611781152089405
development,transition_5_6,arithmetic_quality,arithmetic_goodput,lpips,100,calibration_only,-0.007165570684398216,-0.013595592999986066,-0.0011797138294205077
development,transition_5_6,arithmetic_quality,arithmetic_goodput,dino,100,calibration_only,0.008689991484085717,0.001616070576012128,0.016042064131547996
development,transition_5_6,raw_quality,arithmetic_quality,psnr_db,100,calibration_only,-0.31003541787465416,-0.3899007938702902,-0.22726520975430822
development,transition_5_6,raw_quality,arithmetic_quality,lpips,100,calibration_only,0.006424963815758625,0.0038690589930241302,0.008768723047027983
development,transition_5_6,raw_quality,arithmetic_quality,dino,100,calibration_only,-0.008619614144166314,-0.011379794828593734,-0.005914096581439188
development,transition_5_6,arithmetic_quality,raw_m7,psnr_db,100,calibration_only,2.2848608462015787,2.0887012787262598,2.477530995527903
development,transition_5_6,arithmetic_quality,raw_m7,lpips,100,calibration_only,-0.07452416684788962,-0.07924577362144676,-0.06997778809443116
development,transition_5_6,arithmetic_quality,raw_m7,dino,100,calibration_only,0.05501925130685171,0.04733729645858209,0.06288319663455089
development,transition_5_6,arithmetic_quality,raw_m8,psnr_db,100,calibration_only,0.6949365393320719,0.6207535479068754,0.7675805375178654
development,transition_5_6,arithmetic_quality,raw_m8,lpips,100,calibration_only,-0.01786114948180815,-0.01994856656187524,-0.015608769402606413
development,transition_5_6,arithmetic_quality,raw_m8,dino,100,calibration_only,0.015191256602605185,0.011508186660707,0.01925179166595141
development,transition_5_6,arithmetic_quality,raw_m9,psnr_db,100,calibration_only,1.7341903909047445,1.507565553824107,1.9624506436983742
development,transition_5_6,arithmetic_quality,raw_m9,lpips,100,calibration_only,-0.06343264227422575,-0.06960151844363038,-0.05723463002126664
development,transition_5_6,arithmetic_quality,raw_m9,dino,100,calibration_only,0.10173797945181529,0.09016635613508214,0.11369466572146242
development,transition_5_6,arithmetic_quality,arithmetic_m7,psnr_db,100,calibration_only,2.2848608462015787,2.0887012787262598,2.477530995527903
development,transition_5_6,arithmetic_quality,arithmetic_m7,lpips,100,calibration_only,-0.07452416684788962,-0.07924577362144676,-0.06997778809443116
development,transition_5_6,arithmetic_quality,arithmetic_m7,dino,100,calibration_only,0.05501925130685171,0.04733729645858209,0.06288319663455089
development,transition_5_6,arithmetic_quality,arithmetic_m8,psnr_db,100,calibration_only,0.6949365393320719,0.6207535479068754,0.7675805375178654
development,transition_5_6,arithmetic_quality,arithmetic_m8,lpips,100,calibration_only,-0.01786114948180815,-0.01994856656187524,-0.015608769402606413
development,transition_5_6,arithmetic_quality,arithmetic_m8,dino,100,calibration_only,0.015191256602605185,0.011508186660707,0.01925179166595141
development,transition_5_6,arithmetic_quality,arithmetic_m9,psnr_db,100,calibration_only,-0.07084481239318867,-0.22078016110261292,0.08611781152089405
development,transition_5_6,arithmetic_quality,arithmetic_m9,lpips,100,calibration_only,-0.007165570684398216,-0.013595592999986066,-0.0011797138294205077
development,transition_5_6,arithmetic_quality,arithmetic_m9,dino,100,calibration_only,0.008689991484085717,0.001616070576012128,0.016042064131547996
development,transition_5_6,arithmetic_quality,raw_reliability,psnr_db,100,calibration_only,0.6949365393320719,0.6207535479068754,0.7675805375178654
development,transition_5_6,arithmetic_quality,raw_reliability,lpips,100,calibration_only,-0.01786114948180815,-0.01994856656187524,-0.015608769402606413
development,transition_5_6,arithmetic_quality,raw_reliability,dino,100,calibration_only,0.015191256602605185,0.011508186660707,0.01925179166595141
development,transition_5_6,arithmetic_quality,raw_quality,psnr_db,100,calibration_only,0.31003541787465416,0.2272652097543082,0.3899007938702902
development,transition_5_6,arithmetic_quality,raw_quality,lpips,100,calibration_only,-0.006424963815758625,-0.008768723047027983,-0.0038690589930241307
development,transition_5_6,arithmetic_quality,raw_quality,dino,100,calibration_only,0.008619614144166314,0.005914096581439187,0.011379794828593732
development,transition_5_6,arithmetic_quality,raw_goodput,psnr_db,100,calibration_only,0.6949365393320719,0.6207535479068754,0.7675805375178654
development,transition_5_6,arithmetic_quality,raw_goodput,lpips,100,calibration_only,-0.01786114948180815,-0.01994856656187524,-0.015608769402606413
development,transition_5_6,arithmetic_quality,raw_goodput,dino,100,calibration_only,0.015191256602605185,0.011508186660707,0.01925179166595141
development,transition_5_6,arithmetic_quality,old_raw_adaptive,psnr_db,100,calibration_only,0.31003541787465416,0.2272652097543082,0.3899007938702902
development,transition_5_6,arithmetic_quality,old_raw_adaptive,lpips,100,calibration_only,-0.006424963815758625,-0.008768723047027983,-0.0038690589930241307
development,transition_5_6,arithmetic_quality,old_raw_adaptive,dino,100,calibration_only,0.008619614144166314,0.005914096581439187,0.011379794828593732
development,transition_5_6,arithmetic_quality,r2__full_grid_innovation,psnr_db,100,calibration_only,-1.2452020788192748,-1.3729405326843263,-1.1205140411853793
development,transition_5_6,arithmetic_quality,r2__full_grid_innovation,lpips,100,calibration_only,-0.023929874996344247,-0.02911016171239316,-0.018811808203812688
development,transition_5_6,arithmetic_quality,r2__full_grid_innovation,dino,100,calibration_only,0.05439345161120098,0.045096016794443125,0.06394270595908165
development,transition_5_6,arithmetic_quality,r3__full_grid_prediction_features,psnr_db,100,calibration_only,-1.142624247868856,-1.2813138591845834,-1.0037264630794531
development,transition_5_6,arithmetic_quality,r3__full_grid_prediction_features,lpips,100,calibration_only,-0.02184691022460659,-0.026770370157435535,-0.016946692565145593
development,transition_5_6,arithmetic_quality,r3__full_grid_prediction_features,dino,100,calibration_only,0.05163346956173579,0.04308564899365106,0.06057576308151085
development,transition_5_6,arithmetic_quality,perceptual_deepjscc,psnr_db,100,calibration_only,-4.522981357574463,-4.707853113015493,-4.3424027597506845
development,transition_5_6,arithmetic_quality,perceptual_deepjscc,lpips,100,calibration_only,-0.025239802571013575,-0.032965741248646124,-0.01760409267712384
development,transition_5_6,arithmetic_quality,perceptual_deepjscc,dino,100,calibration_only,0.292650964880983,0.266726159631585,0.31904064324808623
development,transition_5_6,arithmetic_quality,wetok_8PSK_FEC,psnr_db,100,calibration_only,10.863928116957345,10.183073626101017,11.562666129310927
development,transition_5_6,arithmetic_quality,wetok_8PSK_FEC,lpips,100,calibration_only,-0.5459002518064032,-0.5672013140234631,-0.5248086280529387
development,transition_5_6,arithmetic_quality,wetok_8PSK_FEC,dino,100,calibration_only,0.8876334511372259,0.8742560991114589,0.9006978197037048
development,high_13_19,raw_quality,raw_reliability,psnr_db,100,calibration_only,0.0,0.0,0.0
development,high_13_19,raw_quality,raw_reliability,lpips,100,calibration_only,0.0,0.0,0.0
development,high_13_19,raw_quality,raw_reliability,dino,100,calibration_only,0.0,0.0,0.0
development,high_13_19,raw_quality,raw_goodput,psnr_db,100,calibration_only,0.0,0.0,0.0
development,high_13_19,raw_quality,raw_goodput,lpips,100,calibration_only,0.0,0.0,0.0
development,high_13_19,raw_quality,raw_goodput,dino,100,calibration_only,0.0,0.0,0.0
development,high_13_19,arithmetic_quality,arithmetic_reliability,psnr_db,100,calibration_only,0.0,0.0,0.0
development,high_13_19,arithmetic_quality,arithmetic_reliability,lpips,100,calibration_only,0.0,0.0,0.0
development,high_13_19,arithmetic_quality,arithmetic_reliability,dino,100,calibration_only,0.0,0.0,0.0
development,high_13_19,arithmetic_quality,arithmetic_goodput,psnr_db,100,calibration_only,0.0,0.0,0.0
development,high_13_19,arithmetic_quality,arithmetic_goodput,lpips,100,calibration_only,0.0,0.0,0.0
development,high_13_19,arithmetic_quality,arithmetic_goodput,dino,100,calibration_only,0.0,0.0,0.0
development,high_13_19,raw_quality,arithmetic_quality,psnr_db,100,calibration_only,0.0,0.0,0.0
development,high_13_19,raw_quality,arithmetic_quality,lpips,100,calibration_only,0.0,0.0,0.0
development,high_13_19,raw_quality,arithmetic_quality,dino,100,calibration_only,0.0,0.0,0.0
development,high_13_19,arithmetic_quality,raw_m7,psnr_db,100,calibration_only,3.1420285415649416,2.8961904959678653,3.387504819154739
development,high_13_19,arithmetic_quality,raw_m7,lpips,100,calibration_only,-0.09790872495621443,-0.10372709688264876,-0.09227897461596876
development,high_13_19,arithmetic_quality,raw_m7,dino,100,calibration_only,0.07395710468292237,0.06498505599796772,0.08352533300220967
development,high_13_19,arithmetic_quality,raw_m8,psnr_db,100,calibration_only,1.5521042346954346,1.4296515719890595,1.6799753096103667
development,high_13_19,arithmetic_quality,raw_m8,lpips,100,calibration_only,-0.04124570759013295,-0.044493221805430944,-0.038049769384786485
development,high_13_19,arithmetic_quality,raw_m8,dino,100,calibration_only,0.03412910997867584,0.02728271046280861,0.04181752337515354
development,high_13_19,arithmetic_quality,raw_m9,psnr_db,100,calibration_only,0.0,0.0,0.0
development,high_13_19,arithmetic_quality,raw_m9,lpips,100,calibration_only,0.0,0.0,0.0
development,high_13_19,arithmetic_quality,raw_m9,dino,100,calibration_only,0.0,0.0,0.0
development,high_13_19,arithmetic_quality,arithmetic_m7,psnr_db,100,calibration_only,3.1420285415649416,2.8961904959678653,3.387504819154739
development,high_13_19,arithmetic_quality,arithmetic_m7,lpips,100,calibration_only,-0.09790872495621443,-0.10372709688264876,-0.09227897461596876
development,high_13_19,arithmetic_quality,arithmetic_m7,dino,100,calibration_only,0.07395710468292237,0.06498505599796772,0.08352533300220967
development,high_13_19,arithmetic_quality,arithmetic_m8,psnr_db,100,calibration_only,1.5521042346954346,1.4296515719890595,1.6799753096103667
development,high_13_19,arithmetic_quality,arithmetic_m8,lpips,100,calibration_only,-0.04124570759013295,-0.044493221805430944,-0.038049769384786485
development,high_13_19,arithmetic_quality,arithmetic_m8,dino,100,calibration_only,0.03412910997867584,0.02728271046280861,0.04181752337515354
development,high_13_19,arithmetic_quality,arithmetic_m9,psnr_db,100,calibration_only,0.0,0.0,0.0
development,high_13_19,arithmetic_quality,arithmetic_m9,lpips,100,calibration_only,0.0,0.0,0.0
development,high_13_19,arithmetic_quality,arithmetic_m9,dino,100,calibration_only,0.0,0.0,0.0
development,high_13_19,arithmetic_quality,raw_reliability,psnr_db,100,calibration_only,0.0,0.0,0.0
development,high_13_19,arithmetic_quality,raw_reliability,lpips,100,calibration_only,0.0,0.0,0.0
development,high_13_19,arithmetic_quality,raw_reliability,dino,100,calibration_only,0.0,0.0,0.0
development,high_13_19,arithmetic_quality,raw_quality,psnr_db,100,calibration_only,0.0,0.0,0.0
development,high_13_19,arithmetic_quality,raw_quality,lpips,100,calibration_only,0.0,0.0,0.0
development,high_13_19,arithmetic_quality,raw_quality,dino,100,calibration_only,0.0,0.0,0.0
development,high_13_19,arithmetic_quality,raw_goodput,psnr_db,100,calibration_only,0.0,0.0,0.0
development,high_13_19,arithmetic_quality,raw_goodput,lpips,100,calibration_only,0.0,0.0,0.0
development,high_13_19,arithmetic_quality,raw_goodput,dino,100,calibration_only,0.0,0.0,0.0
development,high_13_19,arithmetic_quality,old_raw_adaptive,psnr_db,100,calibration_only,0.0,0.0,0.0
development,high_13_19,arithmetic_quality,old_raw_adaptive,lpips,100,calibration_only,0.0,0.0,0.0
development,high_13_19,arithmetic_quality,old_raw_adaptive,dino,100,calibration_only,0.0,0.0,0.0
development,high_13_19,arithmetic_quality,r2__full_grid_innovation,psnr_db,100,calibration_only,-2.546085577011109,-2.650241808652878,-2.4417586828072873
development,high_13_19,arithmetic_quality,r2__full_grid_innovation,lpips,100,calibration_only,0.026258146587448815,0.02252134948705012,0.029812937725490582
development,high_13_19,arithmetic_quality,r2__full_grid_innovation,dino,100,calibration_only,-0.01817592690388361,-0.02249562872449557,-0.013800408706068992
development,high_13_19,arithmetic_quality,r3__full_grid_prediction_features,psnr_db,100,calibration_only,-2.639951680501302,-2.747755218346914,-2.5298439932664234
development,high_13_19,arithmetic_quality,r3__full_grid_prediction_features,lpips,100,calibration_only,0.03003574377391487,0.026636833180751038,0.03337172475655097
development,high_13_19,arithmetic_quality,r3__full_grid_prediction_features,dino,100,calibration_only,-0.01937444438536962,-0.02372588340689739,-0.015079906967778998
development,high_13_19,arithmetic_quality,perceptual_deepjscc,psnr_db,100,calibration_only,-5.431531709035238,-5.652907922585803,-5.209195158084234
development,high_13_19,arithmetic_quality,perceptual_deepjscc,lpips,100,calibration_only,0.0013861088951428726,-0.00565182512300089,0.008205386259127407
development,high_13_19,arithmetic_quality,perceptual_deepjscc,dino,100,calibration_only,0.16490001974006496,0.1425774246118963,0.1896478207477679
development,high_13_19,arithmetic_quality,wetok_8PSK_FEC,psnr_db,100,calibration_only,-2.4893231105804445,-2.6561490397453316,-2.319324410200119
development,high_13_19,arithmetic_quality,wetok_8PSK_FEC,lpips,100,calibration_only,0.04897159345758459,0.04592977222489814,0.05193477555798988
development,high_13_19,arithmetic_quality,wetok_8PSK_FEC,dino,100,calibration_only,-0.030458149512608848,-0.0347353618517518,-0.026252719906469192
development,all_snrs,raw_quality,raw_reliability,psnr_db,100,calibration_only,0.3211235595884779,0.2886742891357059,0.35410891028812963
development,all_snrs,raw_quality,raw_reliability,lpips,100,calibration_only,-0.00893467315250919,-0.009913116874217632,-0.007986444134087788
development,all_snrs,raw_quality,raw_reliability,dino,100,calibration_only,0.00645886347407387,0.004531371798543705,0.00853861884985651
development,all_snrs,raw_quality,raw_goodput,psnr_db,100,calibration_only,0.10997174898783366,0.08999769226710007,0.12908004415602908
development,all_snrs,raw_quality,raw_goodput,lpips,100,calibration_only,-0.0032674816188712924,-0.0038505242358050553,-0.002697931075335615
development,all_snrs,raw_quality,raw_goodput,dino,100,calibration_only,0.0018776121309825378,0.0008359516341061838,0.0029668836018868884
development,all_snrs,arithmetic_quality,arithmetic_reliability,psnr_db,100,calibration_only,0.0,0.0,0.0
development,all_snrs,arithmetic_quality,arithmetic_reliability,lpips,100,calibration_only,0.0,0.0,0.0
development,all_snrs,arithmetic_quality,arithmetic_reliability,dino,100,calibration_only,0.0,0.0,0.0
development,all_snrs,arithmetic_quality,arithmetic_goodput,psnr_db,100,calibration_only,-0.020241374969482865,-0.0630800460293185,0.024605089005969517
development,all_snrs,arithmetic_quality,arithmetic_goodput,lpips,100,calibration_only,-0.0020473059098280602,-0.003884455142853161,-0.0003370610941201429
development,all_snrs,arithmetic_quality,arithmetic_goodput,dino,100,calibration_only,0.0024828547097387756,0.00046173445028918283,0.004583446894727999
development,all_snrs,raw_quality,arithmetic_quality,psnr_db,100,calibration_only,-0.10680496215820295,-0.13422209464936005,-0.0793416243961875
development,all_snrs,raw_quality,arithmetic_quality,lpips,100,calibration_only,0.0023427735481943387,0.0014935794799544268,0.003143081452786212
development,all_snrs,raw_quality,arithmetic_quality,dino,100,calibration_only,-0.0026711643451736056,-0.003736195146682715,-0.0016500651414195692
development,all_snrs,arithmetic_quality,raw_m7,psnr_db,100,calibration_only,2.2340633778345014,2.056861175196511,2.410806039083571
development,all_snrs,arithmetic_quality,raw_m7,lpips,100,calibration_only,-0.07162913034004824,-0.07582025687068346,-0.06758051753594053
development,all_snrs,arithmetic_quality,raw_m7,dino,100,calibration_only,0.053022275382564175,0.04607543044430871,0.06025384966674306
development,all_snrs,arithmetic_quality,raw_m8,psnr_db,100,calibration_only,1.0774464602697464,0.9889728365057989,1.1706995875267754
development,all_snrs,arithmetic_quality,raw_m8,lpips,100,calibration_only,-0.030750626925201637,-0.03286736115910823,-0.028742380759013544
development,all_snrs,arithmetic_quality,raw_m8,dino,100,calibration_only,0.0322232311325414,0.0274538401475265,0.037395696461910315
development,all_snrs,arithmetic_quality,raw_m9,psnr_db,100,calibration_only,2.712770340329125,2.501534587616012,2.934093642705963
development,all_snrs,arithmetic_quality,raw_m9,lpips,100,calibration_only,-0.14098492669917287,-0.14739020745367523,-0.13460973000060766
development,all_snrs,arithmetic_quality,raw_m9,dino,100,calibration_only,0.2507623493462978,0.24399855552897567,0.2574489478048026
development,all_snrs,arithmetic_quality,arithmetic_m7,psnr_db,100,calibration_only,2.2237295582180927,2.0452863518510545,2.400795838265192
development,all_snrs,arithmetic_quality,arithmetic_m7,lpips,100,calibration_only,-0.0713170903725993,-0.07553774128561573,-0.06726091233197423
development,all_snrs,arithmetic_quality,arithmetic_m7,dino,100,calibration_only,0.053093585684185936,0.04617848501815683,0.06029088623041199
development,all_snrs,arithmetic_quality,arithmetic_m8,psnr_db,100,calibration_only,1.3045868501209077,1.2070222839287348,1.4057348865895043
development,all_snrs,arithmetic_quality,arithmetic_m8,lpips,100,calibration_only,-0.04677382840375815,-0.050399272431774694,-0.04314997103683918
development,all_snrs,arithmetic_quality,arithmetic_m8,dino,100,calibration_only,0.04971858414156096,0.043265252537936685,0.05677877757308029
development,all_snrs,arithmetic_quality,arithmetic_m9,psnr_db,100,calibration_only,1.5130737885974697,1.4025702327830456,1.6268384586345577
development,all_snrs,arithmetic_quality,arithmetic_m9,lpips,100,calibration_only,-0.08683344013988972,-0.09149796091082198,-0.08221665368681509
development,all_snrs,arithmetic_quality,arithmetic_m9,dino,100,calibration_only,0.10806791994144163,0.10036896653045412,0.11605550330488143
development,all_snrs,arithmetic_quality,raw_reliability,psnr_db,100,calibration_only,0.4279285217466807,0.39109647144590104,0.46568558677037564
development,all_snrs,arithmetic_quality,raw_reliability,lpips,100,calibration_only,-0.011277446700703528,-0.012336064019284785,-0.010217146609776786
development,all_snrs,arithmetic_quality,raw_reliability,dino,100,calibration_only,0.009130027819247476,0.0070660951850669675,0.011429985013391292
development,all_snrs,arithmetic_quality,raw_quality,psnr_db,100,calibration_only,0.10680496215820295,0.07934162439618747,0.13422209464936002
development,all_snrs,arithmetic_quality,raw_quality,lpips,100,calibration_only,-0.0023427735481943387,-0.0031430814527862124,-0.001493579479954427
development,all_snrs,arithmetic_quality,raw_quality,dino,100,calibration_only,0.0026711643451736056,0.001650065141419569,0.0037361951466827145
development,all_snrs,arithmetic_quality,raw_goodput,psnr_db,100,calibration_only,0.2167767111460366,0.19289334042866996,0.24117928767204244
development,all_snrs,arithmetic_quality,raw_goodput,lpips,100,calibration_only,-0.005610255167065631,-0.006344085969208249,-0.004857203875158336
development,all_snrs,arithmetic_quality,raw_goodput,dino,100,calibration_only,0.004548776476156143,0.0033289349238787304,0.005860440142097935
development,all_snrs,arithmetic_quality,old_raw_adaptive,psnr_db,100,calibration_only,0.10680496215820295,0.07934162439618747,0.13422209464936002
development,all_snrs,arithmetic_quality,old_raw_adaptive,lpips,100,calibration_only,-0.0023427735481943387,-0.0031430814527862124,-0.001493579479954427
development,all_snrs,arithmetic_quality,old_raw_adaptive,dino,100,calibration_only,0.0026711643451736056,0.001650065141419569,0.0037361951466827145
development,all_snrs,arithmetic_quality,r2__full_grid_innovation,psnr_db,100,calibration_only,-1.655805223555792,-1.7482603617622738,-1.562303669191542
development,all_snrs,arithmetic_quality,r2__full_grid_innovation,lpips,100,calibration_only,-0.015604429149645422,-0.020027059093150973,-0.011402130744564124
development,all_snrs,arithmetic_quality,r2__full_grid_innovation,dino,100,calibration_only,0.06634934629712787,0.05774822891326178,0.07544070849141904
development,all_snrs,arithmetic_quality,r3__full_grid_prediction_features,psnr_db,100,calibration_only,-1.5993380024319606,-1.6979013593310406,-1.4976553439753397
development,all_snrs,arithmetic_quality,r3__full_grid_prediction_features,lpips,100,calibration_only,-0.013153818978351495,-0.017234885118402803,-0.009252800878458875
development,all_snrs,arithmetic_quality,r3__full_grid_prediction_features,dino,100,calibration_only,0.06480686675934566,0.05663514489999839,0.07328011027492937
development,all_snrs,arithmetic_quality,perceptual_deepjscc,psnr_db,100,calibration_only,-4.862359755379813,-5.048612308672497,-4.672703757774262
development,all_snrs,arithmetic_quality,perceptual_deepjscc,lpips,100,calibration_only,-0.01654860586105358,-0.02395666477620779,-0.009297410005082694
development,all_snrs,arithmetic_quality,perceptual_deepjscc,dino,100,calibration_only,0.2776441096541073,0.25439215741543814,0.301509194025792
development,all_snrs,arithmetic_quality,wetok_8PSK_FEC,psnr_db,100,calibration_only,6.740025951294672,6.2839885647126605,7.207129319310188
development,all_snrs,arithmetic_quality,wetok_8PSK_FEC,lpips,100,calibration_only,-0.36599407010933477,-0.381929085221696,-0.35042133073695
development,all_snrs,arithmetic_quality,wetok_8PSK_FEC,dino,100,calibration_only,0.6188632712340248,0.6086787894871917,0.6288612076674778
