method,source_index,snr_db,seed_keys,psnr_db,lpips_alex,dino_cosine
residual,0,1.0,"2001,2002,2003",12.927348772684732,0.27102171381314594,0.5563831925392151
residual,0,4.0,"2001,2002,2003",15.163420041402182,0.16723203659057617,0.7123929262161255
residual,0,7.0,"2001,2002,2003",15.294129053751627,0.1625769038995107,0.7114285429318746
residual,0,13.0,"2001,2002,2003",15.427658398946127,0.1581223408381144,0.7106343309084574
residual,0,19.0,"2001,2002,2003",15.467339197794596,0.15717134376366934,0.7199102640151978
residual,1,1.0,"2001,2002,2003",20.142845789591473,0.1732936551173528,0.7462621132532755
residual,1,4.0,"2001,2002,2003",21.6541690826416,0.11791798969109853,0.7483224868774414
residual,1,7.0,"2001,2002,2003",21.740549723307293,0.11624862502018611,0.7513459920883179
residual,1,13.0,"2001,2002,2003",21.82712173461914,0.11510725567738216,0.7493776877721151
residual,1,19.0,"2001,2002,2003",21.8533509572347,0.11492985238631566,0.7442747553189596
residual,2,1.0,"2001,2002,2003",15.89508056640625,0.35704873005549115,0.603156199057897
residual,2,4.0,"2001,2002,2003",17.363398869832356,0.25036535660425824,0.8665086030960083
residual,2,7.0,"2001,2002,2003",17.446221033732098,0.24320334692796072,0.8721210161844889
residual,2,13.0,"2001,2002,2003",17.536569595336914,0.23893486460049948,0.8779705762863159
residual,2,19.0,"2001,2002,2003",17.5675474802653,0.23810534179210663,0.8783701658248901
residual,3,1.0,"2001,2002,2003",14.160718282063803,0.3184990684191386,0.4594542632500331
residual,3,4.0,"2001,2002,2003",16.184743245442707,0.18968157966931662,0.8739402294158936
residual,3,7.0,"2001,2002,2003",16.304974873860676,0.18735853830973306,0.865830679734548
residual,3,13.0,"2001,2002,2003",16.418516159057617,0.18523997565110525,0.8587684233983358
residual,3,19.0,"2001,2002,2003",16.449849446614582,0.18427695830663046,0.8585335612297058
residual,4,1.0,"2001,2002,2003",17.172614415486652,0.27809858322143555,0.7596102158228556
residual,4,4.0,"2001,2002,2003",18.462032953898113,0.18927918374538422,0.8784673810005188
residual,4,7.0,"2001,2002,2003",18.568658192952473,0.18709600965181986,0.8849148154258728
residual,4,13.0,"2001,2002,2003",18.672579447428387,0.1857813000679016,0.891962726910909
residual,4,19.0,"2001,2002,2003",18.70327377319336,0.18601380288600922,0.8978328903516134
residual,5,1.0,"2001,2002,2003",21.40306218465169,0.25786933799584705,0.5699898501237234
residual,5,4.0,"2001,2002,2003",23.943443298339844,0.13450261453787485,0.8456159035364786
residual,5,7.0,"2001,2002,2003",23.999343872070312,0.13242940107981363,0.8500276605288187
residual,5,13.0,"2001,2002,2003",24.063064575195312,0.1316306640704473,0.8560870687166849
residual,5,19.0,"2001,2002,2003",24.085695266723633,0.13106107711791992,0.8571019172668457
residual,6,1.0,"2001,2002,2003",20.656239191691082,0.2902508080005646,0.8774772882461548
residual,6,4.0,"2001,2002,2003",23.144001007080078,0.18901329735914865,0.9021496176719666
residual,6,7.0,"2001,2002,2003",23.173293431599934,0.18787007530530295,0.9059155583381653
residual,6,13.0,"2001,2002,2003",23.202884038289387,0.18852201104164124,0.9131801923116049
residual,6,19.0,"2001,2002,2003",23.21042315165202,0.1902292917172114,0.915160616238912
residual,7,1.0,"2001,2002,2003",14.787202835083008,0.29370983441670734,0.5770558416843414
residual,7,4.0,"2001,2002,2003",15.833172162373861,0.23295990626017252,0.8453010320663452
residual,7,7.0,"2001,2002,2003",15.901772816975912,0.2302598605553309,0.8502166668574015
residual,7,13.0,"2001,2002,2003",15.965825716654459,0.22593635817368826,0.8590394854545593
residual,7,19.0,"2001,2002,2003",15.979505856831869,0.22459998726844788,0.8601522048314413
residual,8,1.0,"2001,2002,2003",13.621246337890625,0.34418631593386334,0.786696712176005
residual,8,4.0,"2001,2002,2003",16.422707239786785,0.1948519547780355,0.9426766236623129
residual,8,7.0,"2001,2002,2003",16.556201934814453,0.18973763783772787,0.9437703887621561
residual,8,13.0,"2001,2002,2003",16.701139450073242,0.18450528383255005,0.9457884232203165
residual,8,19.0,"2001,2002,2003",16.750425974527996,0.18270369370778403,0.9465383887290955
residual,9,1.0,"2001,2002,2003",16.093835194905598,0.2590264131625493,0.8593610326449076
residual,9,4.0,"2001,2002,2003",17.343285242716473,0.18682092428207397,0.9088318943977356
residual,9,7.0,"2001,2002,2003",17.489316940307617,0.18414417405923209,0.9091078639030457
residual,9,13.0,"2001,2002,2003",17.626211802164715,0.18095957239468893,0.9059018095334371
residual,9,19.0,"2001,2002,2003",17.660518646240234,0.18069563309351602,0.9045066436131796
residual,10,1.0,"2001,2002,2003",16.45439879099528,0.2610332866509755,0.9105554024378458
residual,10,4.0,"2001,2002,2003",19.295456568400066,0.14385583500067392,0.9573808312416077
residual,10,7.0,"2001,2002,2003",19.44566027323405,0.14049965143203735,0.9578497012456259
residual,10,13.0,"2001,2002,2003",19.621252059936523,0.13739663859208426,0.9568285544713339
residual,10,19.0,"2001,2002,2003",19.68638801574707,0.1364284207423528,0.9562985499699911
residual,11,1.0,"2001,2002,2003",14.551921208699545,0.3728685776392619,0.3633759220441182
residual,11,4.0,"2001,2002,2003",19.034617741902668,0.17168417076269785,0.8477960824966431
residual,11,7.0,"2001,2002,2003",19.146995544433594,0.17115806539853415,0.85295703013738
residual,11,13.0,"2001,2002,2003",19.26321283976237,0.17116960883140564,0.860376238822937
residual,11,19.0,"2001,2002,2003",19.304304122924805,0.17035653193791708,0.8587548931439718
residual,12,1.0,"2001,2002,2003",17.324759165445965,0.32278501987457275,0.771503766377767
residual,12,4.0,"2001,2002,2003",21.721046447753906,0.20758216579755148,0.9021559556325277
residual,12,7.0,"2001,2002,2003",21.91746711730957,0.203631321589152,0.9068251252174377
residual,12,13.0,"2001,2002,2003",22.129473368326824,0.19753827651341757,0.9135131438573202
residual,12,19.0,"2001,2002,2003",22.192785898844402,0.19500447809696198,0.9142084121704102
residual,13,1.0,"2001,2002,2003",15.833680788675943,0.3266096313794454,0.6867358485857645
residual,13,4.0,"2001,2002,2003",19.755608876546223,0.1862576206525167,0.878236711025238
residual,13,7.0,"2001,2002,2003",20.014824549357098,0.17917390167713165,0.8788415988286337
residual,13,13.0,"2001,2002,2003",20.333438873291016,0.17006370921929678,0.8795214692751566
residual,13,19.0,"2001,2002,2003",20.434420267740887,0.16667348643143973,0.8826098243395487
residual,14,1.0,"2001,2002,2003",15.521321614583334,0.20966842770576477,0.7628605961799622
residual,14,4.0,"2001,2002,2003",17.70809555053711,0.11113169540961583,0.8929237524668375
residual,14,7.0,"2001,2002,2003",17.882479349772137,0.10733671734730403,0.8976461291313171
residual,14,13.0,"2001,2002,2003",18.045567830403645,0.10433987279733022,0.8993739287058512
residual,14,19.0,"2001,2002,2003",18.089742024739582,0.10346884032090505,0.9006893436113993
residual,15,1.0,"2001,2002,2003",22.645130793253582,0.20650701224803925,0.8933442831039429
residual,15,4.0,"2001,2002,2003",25.440102259318035,0.1331812491019567,0.9411411881446838
residual,15,7.0,"2001,2002,2003",25.556999842325848,0.13038061062494913,0.9437639514605204
residual,15,13.0,"2001,2002,2003",25.6778990427653,0.12796302139759064,0.9459706743558248
residual,15,19.0,"2001,2002,2003",25.7133305867513,0.12778491278489432,0.9466659625371298
residual,16,1.0,"2001,2002,2003",16.395172119140625,0.24373435974121094,0.8999355236689249
residual,16,4.0,"2001,2002,2003",20.030696233113606,0.15218456089496613,0.9427329500516256
residual,16,7.0,"2001,2002,2003",20.194827397664387,0.14847331742445627,0.9435505469640096
residual,16,13.0,"2001,2002,2003",20.356401443481445,0.14559534192085266,0.9440606633822123
residual,16,19.0,"2001,2002,2003",20.40313975016276,0.14506283899148306,0.9443708856900533
residual,17,1.0,"2001,2002,2003",13.443214416503906,0.3027612070242564,0.7434390981992086
residual,17,4.0,"2001,2002,2003",16.476470947265625,0.17257513602574667,0.9054880340894064
residual,17,7.0,"2001,2002,2003",16.572310129801433,0.17058715224266052,0.9097257057825724
residual,17,13.0,"2001,2002,2003",16.67115084330241,0.1686470607916514,0.9155550003051758
residual,17,19.0,"2001,2002,2003",16.70144780476888,0.1688168595234553,0.9175070722897848
residual,18,1.0,"2001,2002,2003",19.429192860921223,0.23907916247844696,0.8051532506942749
residual,18,4.0,"2001,2002,2003",22.114105224609375,0.1377385457356771,0.9158134460449219
residual,18,7.0,"2001,2002,2003",22.286338806152344,0.13353675107161203,0.9108819166819254
residual,18,13.0,"2001,2002,2003",22.361520131429035,0.13048735757668814,0.9095662037531534
residual,18,19.0,"2001,2002,2003",22.375158309936523,0.12883499264717102,0.9088874657948812
residual,19,1.0,"2001,2002,2003",16.638227462768555,0.21013814210891724,0.818552295366923
residual,19,4.0,"2001,2002,2003",23.072509765625,0.09308229386806488,0.942440946896871
residual,19,7.0,"2001,2002,2003",23.217020670572918,0.09127061317364375,0.9442841609319051
residual,19,13.0,"2001,2002,2003",23.35680389404297,0.08973242590824763,0.9452746709187826
residual,19,19.0,"2001,2002,2003",23.39278221130371,0.08935025334358215,0.9451383153597513
residual,20,1.0,"2001,2002,2003",19.723965326944988,0.1381889432668686,0.8465779622395834
residual,20,4.0,"2001,2002,2003",25.08576838175456,0.06789013743400574,0.950787882010142
residual,20,7.0,"2001,2002,2003",25.294528325398762,0.06601735452810924,0.9514856537183126
residual,20,13.0,"2001,2002,2003",25.51748275756836,0.063923974831899,0.9519585172335306
residual,20,19.0,"2001,2002,2003",25.591593424479168,0.0633026584982872,0.9519908229509989
residual,21,1.0,"2001,2002,2003",16.411108652750652,0.27004001041253406,0.7801042596499125
residual,21,4.0,"2001,2002,2003",18.867512385050457,0.19367146492004395,0.8880210320154825
residual,21,7.0,"2001,2002,2003",18.99785804748535,0.19017840921878815,0.8866598804791769
residual,21,13.0,"2001,2002,2003",19.135472615559895,0.18647752702236176,0.8853068550427755
residual,21,19.0,"2001,2002,2003",19.179888407389324,0.18620356420675913,0.8859447240829468
residual,22,1.0,"2001,2002,2003",14.278275807698568,0.297278771797816,0.8359123269716898
residual,22,4.0,"2001,2002,2003",20.17980448404948,0.13632396856943765,0.9605027039845785
residual,22,7.0,"2001,2002,2003",20.386545181274414,0.13292824725310007,0.9615315198898315
residual,22,13.0,"2001,2002,2003",20.58672587076823,0.12977654735247293,0.9641213615735372
residual,22,19.0,"2001,2002,2003",20.637725830078125,0.12925498684247336,0.9652388294537863
residual,23,1.0,"2001,2002,2003",23.1260929107666,0.18577519555886587,0.8845606247584025
residual,23,4.0,"2001,2002,2003",25.404966354370117,0.14458173513412476,0.9345005551973978
residual,23,7.0,"2001,2002,2003",25.488684972127277,0.14259527126948038,0.9355547030766805
residual,23,13.0,"2001,2002,2003",25.566054662068684,0.1402299702167511,0.9379009008407593
residual,23,19.0,"2001,2002,2003",25.58943748474121,0.13967451453208923,0.9389682213465372
residual,24,1.0,"2001,2002,2003",13.013731002807617,0.3266626298427582,0.692991038163503
residual,24,4.0,"2001,2002,2003",19.568763732910156,0.1588067909081777,0.8784581621487936
residual,24,7.0,"2001,2002,2003",19.828997294108074,0.153165469566981,0.8816642959912618
residual,24,13.0,"2001,2002,2003",20.05224609375,0.14882866541544595,0.8843656977017721
residual,24,19.0,"2001,2002,2003",20.10955556233724,0.1481041113535563,0.8842310110727946
residual,25,1.0,"2001,2002,2003",17.670156478881836,0.26282407343387604,0.6698449651400248
residual,25,4.0,"2001,2002,2003",19.721533457438152,0.17076432208220163,0.801946779092153
residual,25,7.0,"2001,2002,2003",19.82701047261556,0.1675112545490265,0.8041117389996847
residual,25,13.0,"2001,2002,2003",19.93353335062663,0.16378682851791382,0.8020487427711487
residual,25,19.0,"2001,2002,2003",19.965201059977215,0.16270250578721365,0.7971190214157104
residual,26,1.0,"2001,2002,2003",14.988301912943522,0.33447497089703876,0.8309451738993326
residual,26,4.0,"2001,2002,2003",17.083958943684895,0.2113232562939326,0.9006916483243307
residual,26,7.0,"2001,2002,2003",17.182339350382488,0.20844759047031403,0.9045928319295248
residual,26,13.0,"2001,2002,2003",17.286495208740234,0.20446149011452994,0.9087913036346436
residual,26,19.0,"2001,2002,2003",17.320454915364582,0.20318224529425302,0.9095577796300253
residual,27,1.0,"2001,2002,2003",20.619645436604817,0.22493679821491241,0.7579220136006674
residual,27,4.0,"2001,2002,2003",24.117865880330402,0.11639350404342015,0.8769469261169434
residual,27,7.0,"2001,2002,2003",24.231627146402996,0.11404501895109813,0.8844903310139974
residual,27,13.0,"2001,2002,2003",24.343475341796875,0.11136547724405925,0.8879264791806539
residual,27,19.0,"2001,2002,2003",24.373160044352215,0.11038023978471756,0.8862826824188232
residual,28,1.0,"2001,2002,2003",16.77918529510498,0.2857139011224111,0.6590720613797506
residual,28,4.0,"2001,2002,2003",20.955768585205078,0.13887876768906912,0.8811954259872437
residual,28,7.0,"2001,2002,2003",21.059010187784832,0.13723883032798767,0.8892191251118978
residual,28,13.0,"2001,2002,2003",21.163063049316406,0.13498292863368988,0.8986581961313883
residual,28,19.0,"2001,2002,2003",21.194882074991863,0.13420691589514414,0.9019359548886617
residual,29,1.0,"2001,2002,2003",18.20906639099121,0.25917481382687885,0.6938861807187399
residual,29,4.0,"2001,2002,2003",21.342573165893555,0.14885075887044272,0.7990795969963074
residual,29,7.0,"2001,2002,2003",21.489301045735676,0.1461987098058065,0.798714796702067
residual,29,13.0,"2001,2002,2003",21.649927775065105,0.14252605537573496,0.8140090902646383
residual,29,19.0,"2001,2002,2003",21.698240915934246,0.1412867953379949,0.8204293648401896
residual,30,1.0,"2001,2002,2003",24.189905166625977,0.21574399371941885,0.8451190789540609
residual,30,4.0,"2001,2002,2003",29.243879318237305,0.08955680082241695,0.9276332259178162
residual,30,7.0,"2001,2002,2003",29.36512502034505,0.08708300938208897,0.9345402717590332
residual,30,13.0,"2001,2002,2003",29.47973887125651,0.08505262682835261,0.9419361352920532
residual,30,19.0,"2001,2002,2003",29.508553822835285,0.08428181956211726,0.9442630608876547
residual,31,1.0,"2001,2002,2003",15.255252202351889,0.24479886392752329,0.7915040651957194
residual,31,4.0,"2001,2002,2003",16.372189203898113,0.20651754240194956,0.8872535228729248
residual,31,7.0,"2001,2002,2003",16.465497334798176,0.20580201844374338,0.8902129332224528
residual,31,13.0,"2001,2002,2003",16.547272364298504,0.20481452842553458,0.8912449876467387
residual,31,19.0,"2001,2002,2003",16.56610107421875,0.20450262228647867,0.8897164066632589
residual,32,1.0,"2001,2002,2003",18.6190242767334,0.21478708585103354,0.8991392652193705
residual,32,4.0,"2001,2002,2003",20.153973897298176,0.16754648586114249,0.9211258689562479
residual,32,7.0,"2001,2002,2003",20.335827509562176,0.16464071969191232,0.9262054165204366
residual,32,13.0,"2001,2002,2003",20.519685745239258,0.16186032195885977,0.9325554966926575
residual,32,19.0,"2001,2002,2003",20.5736821492513,0.16087154050668082,0.9363681276639303
residual,33,1.0,"2001,2002,2003",18.11753972371419,0.2420551429192225,0.767060657342275
residual,33,4.0,"2001,2002,2003",20.11637242635091,0.16507956385612488,0.8820052146911621
residual,33,7.0,"2001,2002,2003",20.22939173380534,0.16415628294150034,0.8854876160621643
residual,33,13.0,"2001,2002,2003",20.344088236490887,0.16388608515262604,0.8872899413108826
residual,33,19.0,"2001,2002,2003",20.376802444458008,0.16336956123510996,0.8901452620824178
residual,34,1.0,"2001,2002,2003",17.42041269938151,0.2519881973663966,0.7761192719141642
residual,34,4.0,"2001,2002,2003",22.778390248616535,0.11737605432669322,0.8610206643740336
residual,34,7.0,"2001,2002,2003",22.881982803344727,0.11498816063006718,0.8681264917055765
residual,34,13.0,"2001,2002,2003",22.975526173909504,0.11261202891667683,0.8750337759653727
residual,34,19.0,"2001,2002,2003",22.99729347229004,0.11208280424276988,0.8770190874735514
residual,35,1.0,"2001,2002,2003",15.172237078348795,0.3334871133168538,0.7147813638051351
residual,35,4.0,"2001,2002,2003",16.48125394185384,0.23323564231395721,0.8820717732111613
residual,35,7.0,"2001,2002,2003",16.54726791381836,0.23263120154539743,0.8844683567682902
residual,35,13.0,"2001,2002,2003",16.615637461344402,0.23163400093714395,0.8865129748980204
residual,35,19.0,"2001,2002,2003",16.634410222371418,0.23066440721352896,0.887552817662557
residual,36,1.0,"2001,2002,2003",19.358781496683758,0.20878224074840546,0.7777096827824911
residual,36,4.0,"2001,2002,2003",23.090232213338215,0.12227953970432281,0.906670888264974
residual,36,7.0,"2001,2002,2003",23.217431386311848,0.1194583351413409,0.9114143053690592
residual,36,13.0,"2001,2002,2003",23.34602419535319,0.11624306192000707,0.9126491745313009
residual,36,19.0,"2001,2002,2003",23.381879170735676,0.11539149284362793,0.9116616249084473
residual,37,1.0,"2001,2002,2003",18.148597717285156,0.24322019517421722,0.8382280270258585
residual,37,4.0,"2001,2002,2003",22.86032994588216,0.12701480090618134,0.9104217688242594
residual,37,7.0,"2001,2002,2003",23.126571655273438,0.12326353540023167,0.9128214319547018
residual,37,13.0,"2001,2002,2003",23.604629516601562,0.11845401426156361,0.9138843218485514
residual,37,19.0,"2001,2002,2003",23.716275533040363,0.1174712801973025,0.9153262376785278
residual,38,1.0,"2001,2002,2003",16.963093439737957,0.3131083548069,0.8435972929000854
residual,38,4.0,"2001,2002,2003",21.381104787190754,0.1406076898177465,0.946146825949351
residual,38,7.0,"2001,2002,2003",21.544153213500977,0.13644754886627197,0.9467642505963644
residual,38,13.0,"2001,2002,2003",21.71009890238444,0.1330963373184204,0.9472751220067342
residual,38,19.0,"2001,2002,2003",21.761035283406574,0.13205606242020926,0.9475790659586588
residual,39,1.0,"2001,2002,2003",14.615625381469727,0.3317389190196991,0.6368817090988159
residual,39,4.0,"2001,2002,2003",18.73808479309082,0.1678294042746226,0.844226062297821
residual,39,7.0,"2001,2002,2003",18.877238591512043,0.16385115186373392,0.8412982622782389
residual,39,13.0,"2001,2002,2003",19.02072525024414,0.16022053360939026,0.8349539240201315
residual,39,19.0,"2001,2002,2003",19.06466293334961,0.1593473901351293,0.8287447889645895
residual,40,1.0,"2001,2002,2003",14.65743319193522,0.3414628207683563,0.7201715111732483
residual,40,4.0,"2001,2002,2003",21.41395632425944,0.15877563258012137,0.9472166299819946
residual,40,7.0,"2001,2002,2003",21.590416590372723,0.1529527356227239,0.9491793115933737
residual,40,13.0,"2001,2002,2003",21.776185353597004,0.1461114138364792,0.951533834139506
residual,40,19.0,"2001,2002,2003",21.836687088012695,0.1441881408294042,0.9533858497937521
residual,41,1.0,"2001,2002,2003",19.266706466674805,0.19965658585230509,0.8322760661443075
residual,41,4.0,"2001,2002,2003",23.38743527730306,0.09889152646064758,0.9391512672106425
residual,41,7.0,"2001,2002,2003",23.524529774983723,0.09646788239479065,0.9412276943524679
residual,41,13.0,"2001,2002,2003",23.657074610392254,0.0944322869181633,0.9429515798886617
residual,41,19.0,"2001,2002,2003",23.6943416595459,0.09374966720740001,0.9432364503542582
residual,42,1.0,"2001,2002,2003",17.034262975056965,0.24641770124435425,0.7912398378054301
residual,42,4.0,"2001,2002,2003",19.492928822835285,0.1551713248093923,0.9181578556696574
residual,42,7.0,"2001,2002,2003",19.63376299540202,0.15033700068791708,0.9198923508326212
residual,42,13.0,"2001,2002,2003",19.803022384643555,0.14699439207712808,0.9199039340019226
residual,42,19.0,"2001,2002,2003",19.828994750976562,0.14541725317637125,0.9206305543581644
residual,43,1.0,"2001,2002,2003",14.881722132364908,0.28430486222108203,0.5709939400355021
residual,43,4.0,"2001,2002,2003",18.90837860107422,0.15883733332157135,0.8823456962903341
residual,43,7.0,"2001,2002,2003",19.028380076090496,0.1551293581724167,0.8796921372413635
residual,43,13.0,"2001,2002,2003",19.17134730021159,0.15089035034179688,0.8826175928115845
residual,43,19.0,"2001,2002,2003",19.222325642903645,0.1495638241370519,0.8843384583791097
residual,44,1.0,"2001,2002,2003",21.17546017964681,0.29281826814015705,0.6666829784711202
residual,44,4.0,"2001,2002,2003",25.4515380859375,0.1320850650469462,0.8513797322909037
residual,44,7.0,"2001,2002,2003",25.58780797322591,0.1296384185552597,0.855739176273346
residual,44,13.0,"2001,2002,2003",25.72978973388672,0.12759210666020712,0.8558187683423361
residual,44,19.0,"2001,2002,2003",25.772951126098633,0.12660483519236246,0.8560284376144409
residual,45,1.0,"2001,2002,2003",19.039077440897625,0.3164207537968953,0.6337203780810038
residual,45,4.0,"2001,2002,2003",22.686142603556316,0.16703716417153677,0.8831460873285929
residual,45,7.0,"2001,2002,2003",22.83964474995931,0.16352951029936472,0.8951671322186788
residual,45,13.0,"2001,2002,2003",22.998037338256836,0.15977120399475098,0.9119183222452799
residual,45,19.0,"2001,2002,2003",23.04411443074544,0.1587549994389216,0.9166946808497111
residual,46,1.0,"2001,2002,2003",21.117888768513996,0.24478075901667276,0.7614021499951681
residual,46,4.0,"2001,2002,2003",23.966886520385742,0.14155464867750803,0.8988044659296671
residual,46,7.0,"2001,2002,2003",24.1667054494222,0.13756261269251505,0.9063340226809183
residual,46,13.0,"2001,2002,2003",24.368942260742188,0.13390197356541952,0.9117229779561361
residual,46,19.0,"2001,2002,2003",24.432881673177082,0.13276554147402445,0.9146005709966024
residual,47,1.0,"2001,2002,2003",19.098981221516926,0.2164403647184372,0.677568276723226
residual,47,4.0,"2001,2002,2003",21.546504338582356,0.12717055777708688,0.8487307826677958
residual,47,7.0,"2001,2002,2003",21.79652976989746,0.12311577796936035,0.8458726207415262
residual,47,13.0,"2001,2002,2003",22.10524050394694,0.11848210791746776,0.8440223534901937
residual,47,19.0,"2001,2002,2003",22.195810953776043,0.11695523063341777,0.8485523263613383
residual,48,1.0,"2001,2002,2003",14.867145856221518,0.2551042636235555,0.8347728252410889
residual,48,4.0,"2001,2002,2003",19.47454325358073,0.12512548019488653,0.9296186367670695
residual,48,7.0,"2001,2002,2003",19.643931706746418,0.12184919168551762,0.9340785543123881
residual,48,13.0,"2001,2002,2003",19.812498092651367,0.11866545677185059,0.9404568076133728
residual,48,19.0,"2001,2002,2003",19.861621220906574,0.11839735756317775,0.9425163467725118
residual,49,1.0,"2001,2002,2003",18.569515228271484,0.226784219344457,0.7039770285288492
residual,49,4.0,"2001,2002,2003",20.733898798624676,0.1427313188711802,0.8752308885256449
residual,49,7.0,"2001,2002,2003",20.894776662190754,0.14015035331249237,0.879419187704722
residual,49,13.0,"2001,2002,2003",21.059604008992512,0.13748663663864136,0.8785616954167684
residual,49,19.0,"2001,2002,2003",21.111735661824543,0.13618863125642142,0.8786617914835612
residual,50,1.0,"2001,2002,2003",16.795820871988933,0.22512573997179666,0.6925129095713297
residual,50,4.0,"2001,2002,2003",19.313814163208008,0.14390248556931814,0.7775076031684875
residual,50,7.0,"2001,2002,2003",19.560707092285156,0.13896944125493368,0.7812830607096354
residual,50,13.0,"2001,2002,2003",19.817607243855793,0.1340142786502838,0.7697727878888448
residual,50,19.0,"2001,2002,2003",19.887746810913086,0.1325713594754537,0.7665655612945557
residual,51,1.0,"2001,2002,2003",17.052235921223957,0.3053292433420817,0.7638729810714722
residual,51,4.0,"2001,2002,2003",21.443822860717773,0.16956297059853873,0.9298741022745768
residual,51,7.0,"2001,2002,2003",21.6033935546875,0.16514954467614493,0.9346626996994019
residual,51,13.0,"2001,2002,2003",21.767675399780273,0.16164077321688333,0.9391787250836691
residual,51,19.0,"2001,2002,2003",21.81580988566081,0.1611891488234202,0.9406433900197347
residual,52,1.0,"2001,2002,2003",16.060701370239258,0.2736723820368449,0.8905913233757019
residual,52,4.0,"2001,2002,2003",18.41552225748698,0.14405372738838196,0.9636073509852091
residual,52,7.0,"2001,2002,2003",18.589155832926433,0.1419129321972529,0.9643374681472778
residual,52,13.0,"2001,2002,2003",18.757727305094402,0.13978935778141022,0.9643269975980123
residual,52,19.0,"2001,2002,2003",18.802605946858723,0.13891113301118216,0.9642189343770345
residual,53,1.0,"2001,2002,2003",15.77129872639974,0.2882232864697774,0.7066238323847452
residual,53,4.0,"2001,2002,2003",19.500281016031902,0.16523471474647522,0.8845015366872152
residual,53,7.0,"2001,2002,2003",19.62701416015625,0.16191011667251587,0.8882203698158264
residual,53,13.0,"2001,2002,2003",19.724365234375,0.16183960437774658,0.8909472227096558
residual,53,19.0,"2001,2002,2003",19.745563507080078,0.1626825431982676,0.8953065474828085
residual,54,1.0,"2001,2002,2003",13.984747568766275,0.32269516587257385,0.6237929463386536
residual,54,4.0,"2001,2002,2003",23.411069869995117,0.08026787141958873,0.9244607289632162
residual,54,7.0,"2001,2002,2003",23.619417826334637,0.07869386672973633,0.9261469046274821
residual,54,13.0,"2001,2002,2003",23.818812052408855,0.07717358569304149,0.9257376194000244
residual,54,19.0,"2001,2002,2003",23.873735427856445,0.0768378550807635,0.9251533150672913
residual,55,1.0,"2001,2002,2003",17.493865331013996,0.2216199686129888,0.8874404231707255
residual,55,4.0,"2001,2002,2003",19.4275385538737,0.1539138307174047,0.9117314418156942
residual,55,7.0,"2001,2002,2003",19.56299591064453,0.15101533134778342,0.911700169245402
residual,55,13.0,"2001,2002,2003",19.728408813476562,0.14711264769236246,0.9037680427233378
residual,55,19.0,"2001,2002,2003",19.772748311360676,0.1464370141426722,0.8988515535990397
residual,56,1.0,"2001,2002,2003",20.597627639770508,0.14269269506136575,0.8942001660664877
residual,56,4.0,"2001,2002,2003",28.698440551757812,0.017379640291134518,0.9840117692947388
residual,56,7.0,"2001,2002,2003",28.89959462483724,0.016672873869538307,0.9839442571004232
residual,56,13.0,"2001,2002,2003",29.11408042907715,0.015926750997702282,0.9841562310854594
residual,56,19.0,"2001,2002,2003",29.18205960591634,0.015627342586716015,0.9843801657358805
residual,57,1.0,"2001,2002,2003",18.822222391764324,0.21791447202364603,0.6522269149621328
residual,57,4.0,"2001,2002,2003",28.77604866027832,0.03806322440505028,0.9781151612599691
residual,57,7.0,"2001,2002,2003",28.932422002156574,0.0369922270377477,0.9790591597557068
residual,57,13.0,"2001,2002,2003",29.094472885131836,0.035999136666456856,0.9802159269650778
residual,57,19.0,"2001,2002,2003",29.1446050008138,0.03583510716756185,0.9809150695800781
residual,58,1.0,"2001,2002,2003",10.628774960835775,0.42182714740435284,0.31509171426296234
residual,58,4.0,"2001,2002,2003",25.661383946736652,0.03881022706627846,0.9593732953071594
residual,58,7.0,"2001,2002,2003",25.826058705647785,0.038269871224959694,0.9606314102808634
residual,58,13.0,"2001,2002,2003",25.989253362019856,0.03773633887370428,0.962234099706014
residual,58,19.0,"2001,2002,2003",26.030404408772785,0.037485541154940925,0.9628826379776001
residual,59,1.0,"2001,2002,2003",12.641594886779785,0.33524734278519946,0.4520346522331238
residual,59,4.0,"2001,2002,2003",23.41220982869466,0.05597094694773356,0.9184244473775228
residual,59,7.0,"2001,2002,2003",23.647247950236004,0.053673444936672844,0.9241791367530823
residual,59,13.0,"2001,2002,2003",23.913834889729817,0.051010614881912865,0.9299561778704325
residual,59,19.0,"2001,2002,2003",24.004199981689453,0.05010891705751419,0.9312044382095337
residual,60,1.0,"2001,2002,2003",14.24748452504476,0.29358841975529987,0.8389880061149597
residual,60,4.0,"2001,2002,2003",16.173726399739582,0.2025478184223175,0.9107990463574728
residual,60,7.0,"2001,2002,2003",16.354063669840496,0.19818330804506937,0.9184474547704061
residual,60,13.0,"2001,2002,2003",16.5140323638916,0.19433468083540598,0.9204600056012472
residual,60,19.0,"2001,2002,2003",16.558141708374023,0.19309143722057343,0.9213563601175944
residual,61,1.0,"2001,2002,2003",15.222604115804037,0.3989075670639674,0.4930537889401118
residual,61,4.0,"2001,2002,2003",23.20641835530599,0.08562902112801869,0.9278307358423868
residual,61,7.0,"2001,2002,2003",23.359193801879883,0.08283895254135132,0.92964635292689
residual,61,13.0,"2001,2002,2003",23.51156171162923,0.08053897817929585,0.9321022232373556
residual,61,19.0,"2001,2002,2003",23.552907307942707,0.07982007165749867,0.9337921738624573
residual,62,1.0,"2001,2002,2003",18.94318962097168,0.22642163435618082,0.8838527599970499
residual,62,4.0,"2001,2002,2003",22.57902463277181,0.12947288155555725,0.9285091360410055
residual,62,7.0,"2001,2002,2003",22.7165953318278,0.12669898569583893,0.9327089786529541
residual,62,13.0,"2001,2002,2003",22.84523328145345,0.1246458888053894,0.9378458062807719
residual,62,19.0,"2001,2002,2003",22.87708346048991,0.12439628442128499,0.9390840927759806
residual,63,1.0,"2001,2002,2003",16.777963320414226,0.3057581086953481,0.7287939389546713
residual,63,4.0,"2001,2002,2003",21.47041384379069,0.1566335658232371,0.8990967472394308
residual,63,7.0,"2001,2002,2003",21.62858009338379,0.15311025579770407,0.9079577525456747
residual,63,13.0,"2001,2002,2003",21.805138905843098,0.15031443536281586,0.9157696763674418
residual,63,19.0,"2001,2002,2003",21.868768056233723,0.1496307154496511,0.9163433313369751
residual,64,1.0,"2001,2002,2003",20.907477060953777,0.24128174285093942,0.8309383193651835
residual,64,4.0,"2001,2002,2003",23.34090232849121,0.17168461779753366,0.8495926459630331
residual,64,7.0,"2001,2002,2003",23.48211606343587,0.16973474125067392,0.8579623897870382
residual,64,13.0,"2001,2002,2003",23.629645029703777,0.16748453179995218,0.8717891772588094
residual,64,19.0,"2001,2002,2003",23.666296005249023,0.16626276075839996,0.878158171971639
residual,65,1.0,"2001,2002,2003",20.730969111124676,0.1968542436758677,0.8413803577423096
residual,65,4.0,"2001,2002,2003",24.752207438151043,0.08719783276319504,0.9264826973279318
residual,65,7.0,"2001,2002,2003",25.017131805419922,0.08294973025719325,0.927157978216807
residual,65,13.0,"2001,2002,2003",25.23359553019206,0.08097098271052043,0.9266084829966227
residual,65,19.0,"2001,2002,2003",25.307669321695965,0.08058067907889684,0.9257167975107828
residual,66,1.0,"2001,2002,2003",19.785778999328613,0.2817760805288951,0.7096781134605408
residual,66,4.0,"2001,2002,2003",26.572472890218098,0.08855893711249034,0.9152668317159017
residual,66,7.0,"2001,2002,2003",26.662216186523438,0.08688672880331676,0.9210333426793417
residual,66,13.0,"2001,2002,2003",26.748743057250977,0.08556619038184483,0.9258648157119751
residual,66,19.0,"2001,2002,2003",26.770442326863606,0.08529779314994812,0.9265131751696268
residual,67,1.0,"2001,2002,2003",21.522265752156574,0.21589349706967673,0.8597934246063232
residual,67,4.0,"2001,2002,2003",24.862984975179035,0.14924115935961405,0.9207338492075602
residual,67,7.0,"2001,2002,2003",24.981353123982746,0.14599252243836722,0.9218970537185669
residual,67,13.0,"2001,2002,2003",25.10499636332194,0.14282782872517905,0.9218966563542684
residual,67,19.0,"2001,2002,2003",25.141368865966797,0.14173530042171478,0.9231094320615133
residual,68,1.0,"2001,2002,2003",15.618450482686361,0.29465367396672565,0.690931479136149
residual,68,4.0,"2001,2002,2003",19.137873967488606,0.14875874916712442,0.8650112946828207
residual,68,7.0,"2001,2002,2003",19.314290364583332,0.14435186485449472,0.8693459033966064
residual,68,13.0,"2001,2002,2003",19.498202641805012,0.13903082410494486,0.8737175861994425
residual,68,19.0,"2001,2002,2003",19.558027903238933,0.13769356409708658,0.8755648930867513
residual,69,1.0,"2001,2002,2003",16.94220225016276,0.30111821989218396,0.6253697772820791
residual,69,4.0,"2001,2002,2003",23.45677312215169,0.14323213199774423,0.9095320701599121
residual,69,7.0,"2001,2002,2003",23.618131637573242,0.1387223352988561,0.907327671845754
residual,69,13.0,"2001,2002,2003",23.79894510904948,0.13415429989496866,0.9021334648132324
residual,69,19.0,"2001,2002,2003",23.864979426066082,0.1323259969552358,0.9001933137575785
residual,70,1.0,"2001,2002,2003",21.432933171590168,0.33069069186846417,0.646388461192449
residual,70,4.0,"2001,2002,2003",28.986368815104168,0.08987500021855037,0.9641276995340983
residual,70,7.0,"2001,2002,2003",29.117151260375977,0.08789263665676117,0.9644337097803751
residual,70,13.0,"2001,2002,2003",29.272393544514973,0.08601755400498708,0.9646667639414469
residual,70,19.0,"2001,2002,2003",29.335060755411785,0.08521850903828938,0.9647393027941386
residual,71,1.0,"2001,2002,2003",16.23179562886556,0.2790095607439677,0.7639360626538595
residual,71,4.0,"2001,2002,2003",17.963184356689453,0.18579782048861185,0.8683071335156759
residual,71,7.0,"2001,2002,2003",18.16440264383952,0.18139086167017618,0.875952939192454
residual,71,13.0,"2001,2002,2003",18.3761723836263,0.17735506097475687,0.8843433062235514
residual,71,19.0,"2001,2002,2003",18.439645131429035,0.1759148190418879,0.8884020646413168
residual,72,1.0,"2001,2002,2003",15.87971051534017,0.368877371152242,0.6696361104647318
residual,72,4.0,"2001,2002,2003",21.362101236979168,0.17825807631015778,0.8828640977541605
residual,72,7.0,"2001,2002,2003",21.477230707804363,0.1772538125514984,0.8798502484957377
residual,72,13.0,"2001,2002,2003",21.581693649291992,0.17631815870602927,0.8748332659403483
residual,72,19.0,"2001,2002,2003",21.6072998046875,0.17594986160596213,0.8734784126281738
residual,73,1.0,"2001,2002,2003",17.062893867492676,0.3422025740146637,0.7513741850852966
residual,73,4.0,"2001,2002,2003",26.067963282267254,0.122225026289622,0.9156283736228943
residual,73,7.0,"2001,2002,2003",26.19580141703288,0.11811544746160507,0.918260395526886
residual,73,13.0,"2001,2002,2003",26.304269154866535,0.11443046480417252,0.921040932337443
residual,73,19.0,"2001,2002,2003",26.325558344523113,0.11309899141391118,0.9218069116274515
residual,74,1.0,"2001,2002,2003",23.412317911783855,0.15976163620750108,0.774721086025238
residual,74,4.0,"2001,2002,2003",27.673492431640625,0.04387694845596949,0.938632051150004
residual,74,7.0,"2001,2002,2003",27.787956873575848,0.04337856049338976,0.9393031001091003
residual,74,13.0,"2001,2002,2003",27.90682856241862,0.04278454060355822,0.9403160214424133
residual,74,19.0,"2001,2002,2003",27.944298426310223,0.042630971719821296,0.9404435356458029
residual,75,1.0,"2001,2002,2003",18.001033782958984,0.18409939606984457,0.8717506925264994
residual,75,4.0,"2001,2002,2003",18.87776056925456,0.14977469046910605,0.913707971572876
residual,75,7.0,"2001,2002,2003",18.97462781270345,0.1473557949066162,0.9158715407053629
residual,75,13.0,"2001,2002,2003",19.07810401916504,0.14495931565761566,0.915926992893219
residual,75,19.0,"2001,2002,2003",19.11145528157552,0.14456444482008615,0.9152764479319254
residual,76,1.0,"2001,2002,2003",16.066511789957683,0.2936276892820994,0.7886580030123392
residual,76,4.0,"2001,2002,2003",19.834067662556965,0.190471942226092,0.9051253795623779
residual,76,7.0,"2001,2002,2003",19.95848846435547,0.18628827234109244,0.9036081631978353
residual,76,13.0,"2001,2002,2003",20.09551175435384,0.1816891978184382,0.9018264611562093
residual,76,19.0,"2001,2002,2003",20.139362335205078,0.18039438128471375,0.9015054901440939
residual,77,1.0,"2001,2002,2003",15.760492642720541,0.2674551357825597,0.8108132481575012
residual,77,4.0,"2001,2002,2003",19.94152577718099,0.15359599888324738,0.8294510841369629
residual,77,7.0,"2001,2002,2003",20.085259755452473,0.15234926839669546,0.8346451918284098
residual,77,13.0,"2001,2002,2003",20.239208857218426,0.15193991859753928,0.839975118637085
residual,77,19.0,"2001,2002,2003",20.289628346761067,0.1520073413848877,0.8438754081726074
residual,78,1.0,"2001,2002,2003",15.686939239501953,0.3038107256094615,0.7383429010709127
residual,78,4.0,"2001,2002,2003",18.56283950805664,0.2052595466375351,0.936734676361084
residual,78,7.0,"2001,2002,2003",18.691803614298504,0.2034121056397756,0.9373404383659363
residual,78,13.0,"2001,2002,2003",18.829776128133137,0.20252147316932678,0.9376443227132162
residual,78,19.0,"2001,2002,2003",18.8712158203125,0.2033453732728958,0.9377294778823853
residual,79,1.0,"2001,2002,2003",13.390369097391764,0.2789759586254756,0.7190229892730713
residual,79,4.0,"2001,2002,2003",19.568660736083984,0.09042645245790482,0.9050559202829996
residual,79,7.0,"2001,2002,2003",19.745023727416992,0.08781191209952037,0.9103135069211324
residual,79,13.0,"2001,2002,2003",19.93804677327474,0.08465617646773656,0.9149067799250284
residual,79,19.0,"2001,2002,2003",20.00938351949056,0.08338838318983714,0.9156452020009359
residual,80,1.0,"2001,2002,2003",14.851071039835611,0.3530227243900299,0.6396727462609609
residual,80,4.0,"2001,2002,2003",19.34981854756673,0.21216045320034027,0.8757620255152384
residual,80,7.0,"2001,2002,2003",19.501102447509766,0.2063718338807424,0.8800007502237955
residual,80,13.0,"2001,2002,2003",19.680803298950195,0.19999260207017264,0.8819525241851807
residual,80,19.0,"2001,2002,2003",19.746261596679688,0.19695155322551727,0.8809386491775513
residual,81,1.0,"2001,2002,2003",17.336350440979004,0.28522396087646484,0.6906859079996744
residual,81,4.0,"2001,2002,2003",21.231735865275066,0.15268746515115103,0.8638583024342855
residual,81,7.0,"2001,2002,2003",21.40671984354655,0.14897035559018454,0.8670963247617086
residual,81,13.0,"2001,2002,2003",21.593652725219727,0.14499306678771973,0.8668845295906067
residual,81,19.0,"2001,2002,2003",21.653236389160156,0.14332406719525656,0.865605632464091
residual,82,1.0,"2001,2002,2003",16.805896123250324,0.2791501581668854,0.7459503412246704
residual,82,4.0,"2001,2002,2003",19.500485102335613,0.19550776481628418,0.8167557517687479
residual,82,7.0,"2001,2002,2003",19.638099670410156,0.19161523381868997,0.826495885848999
residual,82,13.0,"2001,2002,2003",19.772661844889324,0.18767587343851724,0.8371315797170004
residual,82,19.0,"2001,2002,2003",19.80665397644043,0.1864126274983088,0.8392414450645447
residual,83,1.0,"2001,2002,2003",19.915704091389973,0.220907395084699,0.8484080036481222
residual,83,4.0,"2001,2002,2003",21.756436665852863,0.14464618265628815,0.9016219774881998
residual,83,7.0,"2001,2002,2003",21.916449228922527,0.13866507510344186,0.9092937111854553
residual,83,13.0,"2001,2002,2003",22.08196194966634,0.13262053827444711,0.9168488184611002
residual,83,19.0,"2001,2002,2003",22.13268534342448,0.13102478782335916,0.9184298316637675
residual,84,1.0,"2001,2002,2003",20.189708709716797,0.25198552509148914,0.681407630443573
residual,84,4.0,"2001,2002,2003",21.602598826090496,0.17688479026158652,0.8661436438560486
residual,84,7.0,"2001,2002,2003",21.685728708902996,0.172469029823939,0.8642656803131104
residual,84,13.0,"2001,2002,2003",21.760111490885418,0.16806035240491232,0.8497772018114725
residual,84,19.0,"2001,2002,2003",21.770572026570637,0.16695138812065125,0.8388809760411581
residual,85,1.0,"2001,2002,2003",16.459313074747723,0.2998354534308116,0.6620139877001444
residual,85,4.0,"2001,2002,2003",20.40259615580241,0.140545055270195,0.9537904461224874
residual,85,7.0,"2001,2002,2003",20.647872924804688,0.13761833806832632,0.9553430676460266
residual,85,13.0,"2001,2002,2003",20.877890904744465,0.13465448717276254,0.960507889588674
residual,85,19.0,"2001,2002,2003",20.938575108846027,0.13323530554771423,0.9623880386352539
residual,86,1.0,"2001,2002,2003",19.592670440673828,0.18292216459910074,0.9262870947519938
residual,86,4.0,"2001,2002,2003",23.7314395904541,0.10442004601160686,0.9715466101964315
residual,86,7.0,"2001,2002,2003",23.950019200642902,0.10029418766498566,0.972732404867808
residual,86,13.0,"2001,2002,2003",24.167205174763996,0.09586079170306523,0.974460780620575
residual,86,19.0,"2001,2002,2003",24.225051244099934,0.0944688469171524,0.975193977355957
residual,87,1.0,"2001,2002,2003",16.480241775512695,0.2590938061475754,0.7544464866320292
residual,87,4.0,"2001,2002,2003",21.366207122802734,0.11888895183801651,0.9370671510696411
residual,87,7.0,"2001,2002,2003",21.592132568359375,0.11608943591515224,0.937673807144165
residual,87,13.0,"2001,2002,2003",21.813438415527344,0.11288695285717647,0.9398476680119833
residual,87,19.0,"2001,2002,2003",21.878018061319988,0.1118340939283371,0.9403628905614217
residual,88,1.0,"2001,2002,2003",14.718402862548828,0.3681974808375041,0.4539695233106613
residual,88,4.0,"2001,2002,2003",18.965033213297527,0.1782041291395823,0.927546481291453
residual,88,7.0,"2001,2002,2003",19.141963958740234,0.17380778988202414,0.9311145742734274
residual,88,13.0,"2001,2002,2003",19.319766998291016,0.16845749815305075,0.9329118728637695
residual,88,19.0,"2001,2002,2003",19.37300173441569,0.16675656537214914,0.932198166847229
residual,89,1.0,"2001,2002,2003",17.680613199869793,0.24640227854251862,0.8572298685709635
residual,89,4.0,"2001,2002,2003",21.07540512084961,0.16444247464338937,0.9167142709096273
residual,89,7.0,"2001,2002,2003",21.258495966593426,0.1601144919792811,0.918889065583547
residual,89,13.0,"2001,2002,2003",21.434848149617512,0.15554170310497284,0.9234025080998739
residual,89,19.0,"2001,2002,2003",21.481645584106445,0.1544849326213201,0.9253004590670267
residual,90,1.0,"2001,2002,2003",14.567393938700357,0.4090757767359416,0.5007696251074473
residual,90,4.0,"2001,2002,2003",19.05054537455241,0.2079993337392807,0.7879920403162638
residual,90,7.0,"2001,2002,2003",19.224098841349285,0.20223379135131836,0.8040460149447123
residual,90,13.0,"2001,2002,2003",19.416619618733723,0.19675167898337045,0.8096482753753662
residual,90,19.0,"2001,2002,2003",19.492251714070637,0.19511370857556662,0.8078953425089518
residual,91,1.0,"2001,2002,2003",15.208513895670572,0.28366971512635547,0.6634393334388733
residual,91,4.0,"2001,2002,2003",19.093839645385742,0.18256633977095285,0.7732812960942587
residual,91,7.0,"2001,2002,2003",19.34998893737793,0.18042380611101785,0.7747674385706583
residual,91,13.0,"2001,2002,2003",19.602570215861004,0.17863060037295023,0.7783268690109253
residual,91,19.0,"2001,2002,2003",19.634923299153645,0.17870997389157614,0.7838687499364217
residual,92,1.0,"2001,2002,2003",14.65416145324707,0.40559182564417523,0.6443845828374227
residual,92,4.0,"2001,2002,2003",18.449021021525066,0.201138307650884,0.8845693469047546
residual,92,7.0,"2001,2002,2003",18.527868270874023,0.19748011231422424,0.8872822523117065
residual,92,13.0,"2001,2002,2003",18.601643244425457,0.19390360017617544,0.889062782128652
residual,92,19.0,"2001,2002,2003",18.618499755859375,0.1930100917816162,0.8894569476445516
residual,93,1.0,"2001,2002,2003",17.961780548095703,0.24825739860534668,0.8595370650291443
residual,93,4.0,"2001,2002,2003",24.018613815307617,0.09624965488910675,0.9423064589500427
residual,93,7.0,"2001,2002,2003",24.23482322692871,0.09248500068982442,0.9452140728632609
residual,93,13.0,"2001,2002,2003",24.46648406982422,0.08941461890935898,0.9487282435099283
residual,93,19.0,"2001,2002,2003",24.544028600056965,0.08853476246198018,0.9501819213231405
residual,94,1.0,"2001,2002,2003",18.762418746948242,0.2301554282506307,0.7888477842013041
residual,94,4.0,"2001,2002,2003",23.220748901367188,0.10641011595726013,0.9103748202323914
residual,94,7.0,"2001,2002,2003",23.414025624593098,0.10260750601689021,0.9110297163327535
residual,94,13.0,"2001,2002,2003",23.6339848836263,0.09837836772203445,0.910650352636973
residual,94,19.0,"2001,2002,2003",23.714847564697266,0.09676518042882283,0.9087647000948588
residual,95,1.0,"2001,2002,2003",16.127685228983562,0.21963935097058615,0.76445472240448
residual,95,4.0,"2001,2002,2003",19.754242579142254,0.14199910561243692,0.9009383122126261
residual,95,7.0,"2001,2002,2003",19.941385904947918,0.13828019797801971,0.9124440948168436
residual,95,13.0,"2001,2002,2003",20.146594365437824,0.1332598328590393,0.924832284450531
residual,95,19.0,"2001,2002,2003",20.2139097849528,0.13142729302247366,0.9298526247342428
residual,96,1.0,"2001,2002,2003",21.662872950236004,0.203154186407725,0.869499921798706
residual,96,4.0,"2001,2002,2003",25.535661061604817,0.12232959270477295,0.9576161901156107
residual,96,7.0,"2001,2002,2003",25.652193069458008,0.11849632610877354,0.9574760397275289
residual,96,13.0,"2001,2002,2003",25.789763768513996,0.11435361454884212,0.9567602872848511
residual,96,19.0,"2001,2002,2003",25.842236200968426,0.11301930497090022,0.9571982423464457
residual,97,1.0,"2001,2002,2003",16.73051993052165,0.3211556275685628,0.6370178858439127
residual,97,4.0,"2001,2002,2003",17.938485463460285,0.25029902160167694,0.759921133518219
residual,97,7.0,"2001,2002,2003",18.020751953125,0.24669299523035684,0.7626446882883707
residual,97,13.0,"2001,2002,2003",18.106582641601562,0.24175305664539337,0.7584318916002909
residual,97,19.0,"2001,2002,2003",18.13475735982259,0.24019601941108704,0.7523153026898702
residual,98,1.0,"2001,2002,2003",15.056854883829752,0.3135919471581777,0.7420757611592611
residual,98,4.0,"2001,2002,2003",21.08848762512207,0.11085767547289531,0.8865696390469869
residual,98,7.0,"2001,2002,2003",21.33428955078125,0.1072823057572047,0.8886974056561788
residual,98,13.0,"2001,2002,2003",21.597458521525066,0.10364179809888203,0.8917751312255859
residual,98,19.0,"2001,2002,2003",21.6870600382487,0.10269624988238017,0.8921780983606974
residual,99,1.0,"2001,2002,2003",15.95621426900228,0.28680768609046936,0.7707791129748026
residual,99,4.0,"2001,2002,2003",19.480085372924805,0.15934828917185465,0.8553039828936259
residual,99,7.0,"2001,2002,2003",19.795867284138996,0.15376869837443033,0.8586960434913635
residual,99,13.0,"2001,2002,2003",20.145882924397785,0.14765852193037668,0.8639956514040629
residual,99,19.0,"2001,2002,2003",20.273457209269207,0.14497277637322745,0.8646325071652731
source,0,1.0,"2001,2002,2003",13.39134947458903,0.24766587217648825,0.5928222139676412
source,0,4.0,"2001,2002,2003",15.091850280761719,0.1696542501449585,0.7173630197842916
source,0,7.0,"2001,2002,2003",15.241615295410156,0.16438626746336618,0.7118510206540426
source,0,13.0,"2001,2002,2003",15.409573554992676,0.1586387058099111,0.7105859518051147
source,0,19.0,"2001,2002,2003",15.462148348490397,0.1572471559047699,0.7171630859375
source,1,1.0,"2001,2002,2003",20.422395706176758,0.16457568605740866,0.7233135104179382
source,1,4.0,"2001,2002,2003",21.61021677652995,0.11848777035872142,0.7471093138058981
source,1,7.0,"2001,2002,2003",21.708832422892254,0.11677009363969167,0.7505873243014017
source,1,13.0,"2001,2002,2003",21.816386540730793,0.11522066593170166,0.7503961324691772
source,1,19.0,"2001,2002,2003",21.85045115152995,0.1149653469522794,0.7452159722646078
source,2,1.0,"2001,2002,2003",16.113911946614582,0.3385199209054311,0.6062438388665518
source,2,4.0,"2001,2002,2003",17.32581392923991,0.2537635068098704,0.8636005719502767
source,2,7.0,"2001,2002,2003",17.41893196105957,0.24591749906539917,0.8700792193412781
source,2,13.0,"2001,2002,2003",17.525744756062824,0.2392305831114451,0.8777895371119181
source,2,19.0,"2001,2002,2003",17.563880920410156,0.238116055727005,0.8783368269602457
source,3,1.0,"2001,2002,2003",14.489933013916016,0.29877495765686035,0.524688795208931
source,3,4.0,"2001,2002,2003",16.11454137166341,0.19111515084902445,0.8770473599433899
source,3,7.0,"2001,2002,2003",16.256216049194336,0.18833870689074197,0.869441568851471
source,3,13.0,"2001,2002,2003",16.40363121032715,0.1856518586476644,0.8590064446131388
source,3,19.0,"2001,2002,2003",16.446311950683594,0.18452061216036478,0.8581433693567911
source,4,1.0,"2001,2002,2003",17.431233723958332,0.26477967699368793,0.7740904688835144
source,4,4.0,"2001,2002,2003",18.40193239847819,0.19053633014361063,0.874602198600769
source,4,7.0,"2001,2002,2003",18.52801005045573,0.1878705471754074,0.8830742835998535
source,4,13.0,"2001,2002,2003",18.659260431925457,0.18585624794165292,0.8902271588643392
source,4,19.0,"2001,2002,2003",18.699928283691406,0.18598550061384836,0.8971043825149536
source,5,1.0,"2001,2002,2003",21.604951858520508,0.2467275708913803,0.5913970371087393
source,5,4.0,"2001,2002,2003",23.91285578409831,0.13548255960146585,0.8430835405985514
source,5,7.0,"2001,2002,2003",23.97579828898112,0.13322066764036813,0.8477875590324402
source,5,13.0,"2001,2002,2003",24.053010940551758,0.13188275198141733,0.8548804720242819
source,5,19.0,"2001,2002,2003",24.082141240437824,0.13119539121786752,0.8568589886029562
source,6,1.0,"2001,2002,2003",21.138804117838543,0.2724882463614146,0.8884801665941874
source,6,4.0,"2001,2002,2003",23.125830968221027,0.18950968980789185,0.9005033373832703
source,6,7.0,"2001,2002,2003",23.1610844930013,0.1885391672452291,0.9036381840705872
source,6,13.0,"2001,2002,2003",23.198894500732422,0.18823416034380594,0.9122281471888224
source,6,19.0,"2001,2002,2003",23.209277470906574,0.1898704469203949,0.9148786862691244
source,7,1.0,"2001,2002,2003",15.006098111470541,0.2758110463619232,0.6168308953444163
source,7,4.0,"2001,2002,2003",15.806061744689941,0.2330924520889918,0.843302309513092
source,7,7.0,"2001,2002,2003",15.884264945983887,0.23065181573232016,0.8480740388234457
source,7,13.0,"2001,2002,2003",15.96134885152181,0.22616409758726755,0.8582151333491007
source,7,19.0,"2001,2002,2003",15.979007720947266,0.22458386917908987,0.8601629137992859
source,8,1.0,"2001,2002,2003",13.965075810750326,0.3221402168273926,0.8020550211270651
source,8,4.0,"2001,2002,2003",16.34275754292806,0.19722354412078857,0.9433212478955587
source,8,7.0,"2001,2002,2003",16.500532150268555,0.19183167815208435,0.9432042638460795
source,8,13.0,"2001,2002,2003",16.677780787150066,0.18517624338467917,0.9454978704452515
source,8,19.0,"2001,2002,2003",16.743879318237305,0.18297489980856577,0.9464728236198425
source,9,1.0,"2001,2002,2003",16.37102222442627,0.24585892260074615,0.8696394364039103
source,9,4.0,"2001,2002,2003",17.275287628173828,0.1878677854935328,0.9080899755160013
source,9,7.0,"2001,2002,2003",17.431723912556965,0.1852162480354309,0.9094139933586121
source,9,13.0,"2001,2002,2003",17.61129315694173,0.18132355312506357,0.9064948757489523
source,9,19.0,"2001,2002,2003",17.657699584960938,0.18065417309602103,0.9045209884643555
source,10,1.0,"2001,2002,2003",16.807973225911457,0.24557603895664215,0.9152718782424927
source,10,4.0,"2001,2002,2003",19.199567159016926,0.14600260059038797,0.956985870997111
source,10,7.0,"2001,2002,2003",19.37023099263509,0.1421672354141871,0.9576823314030966
source,10,13.0,"2001,2002,2003",19.587048212687176,0.13792053858439127,0.9571690162022909
source,10,19.0,"2001,2002,2003",19.673132578531902,0.13662160436312357,0.9564187129338583
source,11,1.0,"2001,2002,2003",15.057881355285645,0.3509637415409088,0.418038805325826
source,11,4.0,"2001,2002,2003",18.97216542561849,0.1720608522494634,0.8435984452565511
source,11,7.0,"2001,2002,2003",19.104249318440754,0.17125401397546133,0.8510629733403524
source,11,13.0,"2001,2002,2003",19.247718811035156,0.17133326331774393,0.859877347946167
source,11,19.0,"2001,2002,2003",19.299763361612957,0.17046096424261728,0.85944531361262
source,12,1.0,"2001,2002,2003",17.874935785929363,0.30196334918340045,0.8098463813463846
source,12,4.0,"2001,2002,2003",21.622098286946613,0.2085717370112737,0.8995885848999023
source,12,7.0,"2001,2002,2003",21.842379887898762,0.20525224010149637,0.9050006071726481
source,12,13.0,"2001,2002,2003",22.102689107259113,0.19838324189186096,0.913138190905253
source,12,19.0,"2001,2002,2003",22.186147054036457,0.19538060824076334,0.9141680002212524
source,13,1.0,"2001,2002,2003",16.440189679463703,0.29925861954689026,0.7549552917480469
source,13,4.0,"2001,2002,2003",19.609825770060223,0.1901275465885798,0.8776018818219503
source,13,7.0,"2001,2002,2003",19.889584223429363,0.18279058237870535,0.8783987760543823
source,13,13.0,"2001,2002,2003",20.28045654296875,0.17173979183038077,0.8791279395421346
source,13,19.0,"2001,2002,2003",20.41807683308919,0.16716925303141275,0.8821133772532145
source,14,1.0,"2001,2002,2003",15.75903065999349,0.20088047782580057,0.7746188441912333
source,14,4.0,"2001,2002,2003",17.59815851847331,0.11389492948849995,0.8887098630269369
source,14,7.0,"2001,2002,2003",17.80788230895996,0.10872495422760646,0.8957504828770956
source,14,13.0,"2001,2002,2003",18.022428512573242,0.10471237202485402,0.8991456826527914
source,14,19.0,"2001,2002,2003",18.084306081136067,0.10367688784996669,0.9005057613054911
source,15,1.0,"2001,2002,2003",23.232999801635742,0.18750908970832825,0.9021318554878235
source,15,4.0,"2001,2002,2003",25.374643325805664,0.13468952973683676,0.9397592147191366
source,15,7.0,"2001,2002,2003",25.50918197631836,0.13158835470676422,0.9425588647524515
source,15,13.0,"2001,2002,2003",25.6613032023112,0.12817994256814322,0.9457373221715292
source,15,19.0,"2001,2002,2003",25.70936648050944,0.12779185672601065,0.9466146230697632
source,16,1.0,"2001,2002,2003",16.865761439005535,0.227458988626798,0.9056957960128784
source,16,4.0,"2001,2002,2003",19.92588233947754,0.15433909992376962,0.9416641791661581
source,16,7.0,"2001,2002,2003",20.11956532796224,0.15036324659983316,0.9430888493855795
source,16,13.0,"2001,2002,2003",20.3316650390625,0.14587402840455374,0.9438578883806864
source,16,19.0,"2001,2002,2003",20.39743995666504,0.14518320063749948,0.9443124135335287
source,17,1.0,"2001,2002,2003",13.877829869588217,0.2834858198960622,0.7689802845319113
source,17,4.0,"2001,2002,2003",16.431396484375,0.1731888254483541,0.9023178418477377
source,17,7.0,"2001,2002,2003",16.540503184000652,0.1711341937383016,0.9076720674832662
source,17,13.0,"2001,2002,2003",16.66016960144043,0.16859796146551767,0.9149855176607767
source,17,19.0,"2001,2002,2003",16.698879877726238,0.16877288122971854,0.9173645377159119
source,18,1.0,"2001,2002,2003",19.905223846435547,0.2219143807888031,0.8267215689023336
source,18,4.0,"2001,2002,2003",22.094656626383465,0.13845917582511902,0.9164444208145142
source,18,7.0,"2001,2002,2003",22.23945490519206,0.1352165291706721,0.911160409450531
source,18,13.0,"2001,2002,2003",22.349122365315754,0.1313052922487259,0.9098605712254842
source,18,19.0,"2001,2002,2003",22.37287775675456,0.12921343743801117,0.9089217185974121
source,19,1.0,"2001,2002,2003",17.321137110392254,0.1916306416193644,0.8448992172876993
source,19,4.0,"2001,2002,2003",22.959515889485676,0.09469816088676453,0.9412768681844076
source,19,7.0,"2001,2002,2003",23.133913040161133,0.09234308948119481,0.943284829457601
source,19,13.0,"2001,2002,2003",23.33003870646159,0.09001355866591136,0.9452120264371237
source,19,19.0,"2001,2002,2003",23.387062072753906,0.08944088717301686,0.9451236327489217
source,20,1.0,"2001,2002,2003",20.209856669108074,0.12796557694673538,0.8612983425458273
source,20,4.0,"2001,2002,2003",24.966474533081055,0.06888793408870697,0.950476864973704
source,20,7.0,"2001,2002,2003",25.205244700113933,0.0668397272626559,0.9512148102124532
source,20,13.0,"2001,2002,2003",25.485693613688152,0.06424141178528468,0.9519426425298055
source,20,19.0,"2001,2002,2003",25.584124247233074,0.0633484274148941,0.952038049697876
source,21,1.0,"2001,2002,2003",16.82272211710612,0.25678887963294983,0.7935393850008646
source,21,4.0,"2001,2002,2003",18.796178181966145,0.1956758201122284,0.8889846404393514
source,21,7.0,"2001,2002,2003",18.94483248392741,0.1915354480346044,0.8874384164810181
source,21,13.0,"2001,2002,2003",19.116371154785156,0.1868919680515925,0.8849963148434957
source,21,19.0,"2001,2002,2003",19.17453384399414,0.18616943061351776,0.8859121998151144
source,22,1.0,"2001,2002,2003",14.764466603597006,0.27924980719884235,0.8587573965390524
source,22,4.0,"2001,2002,2003",20.034119923909504,0.1387369285027186,0.9596383571624756
source,22,7.0,"2001,2002,2003",20.29112943013509,0.13451603055000305,0.9607946872711182
source,22,13.0,"2001,2002,2003",20.549179077148438,0.1303142011165619,0.9634870092074076
source,22,19.0,"2001,2002,2003",20.630897521972656,0.1293187936147054,0.9651379585266113
source,23,1.0,"2001,2002,2003",23.5763734181722,0.17564436793327332,0.8847710688908895
source,23,4.0,"2001,2002,2003",25.357431411743164,0.14572702844937643,0.9342837731043497
source,23,7.0,"2001,2002,2003",25.457351684570312,0.14324783285458884,0.9350927869478861
source,23,13.0,"2001,2002,2003",25.55671564737956,0.14054536819458008,0.9373913606007894
source,23,19.0,"2001,2002,2003",25.58677355448405,0.13966268797715506,0.9388325413068136
source,24,1.0,"2001,2002,2003",13.668294588724772,0.29898590842882794,0.7121768593788147
source,24,4.0,"2001,2002,2003",19.398258845011394,0.16223270694414774,0.8770787715911865
source,24,7.0,"2001,2002,2003",19.72623062133789,0.1554303914308548,0.8800744811693827
source,24,13.0,"2001,2002,2003",20.02570915222168,0.14928174515565237,0.8841176629066467
source,24,19.0,"2001,2002,2003",20.10594876607259,0.1480883608261744,0.884204645951589
source,25,1.0,"2001,2002,2003",18.041759490966797,0.2482742021481196,0.6865593592325846
source,25,4.0,"2001,2002,2003",19.660720189412434,0.1727873037258784,0.8008151451746622
source,25,7.0,"2001,2002,2003",19.78253936767578,0.16897223393122354,0.8030386567115784
source,25,13.0,"2001,2002,2003",19.918467839558918,0.1642686128616333,0.8035710453987122
source,25,19.0,"2001,2002,2003",19.96138064066569,0.16285165150960287,0.798200805981954
source,26,1.0,"2001,2002,2003",15.362078030904135,0.30904334783554077,0.8460052212079366
source,26,4.0,"2001,2002,2003",17.026172002156574,0.21291776498158774,0.898861289024353
source,26,7.0,"2001,2002,2003",17.13924217224121,0.20976467927296957,0.902808686097463
source,26,13.0,"2001,2002,2003",17.270325978597004,0.20520086089769998,0.9083004792531332
source,26,19.0,"2001,2002,2003",17.31539026896159,0.20338782171408334,0.9098401268323263
source,27,1.0,"2001,2002,2003",21.139202117919922,0.20156379540761313,0.7586288650830587
source,27,4.0,"2001,2002,2003",24.054202397664387,0.11779888719320297,0.872479240099589
source,27,7.0,"2001,2002,2003",24.185284932454426,0.11497848232587178,0.8814979195594788
source,27,13.0,"2001,2002,2003",24.32862726847331,0.11174183090527852,0.887890080610911
source,27,19.0,"2001,2002,2003",24.369733810424805,0.1105241725842158,0.8867562611897787
source,28,1.0,"2001,2002,2003",17.273066838582356,0.26647762457529706,0.7000954945882162
source,28,4.0,"2001,2002,2003",20.904286066691082,0.13977685570716858,0.876978317896525
source,28,7.0,"2001,2002,2003",21.021973927815754,0.1377417892217636,0.8859649101893107
source,28,13.0,"2001,2002,2003",21.150463104248047,0.13530993461608887,0.897037943204244
source,28,19.0,"2001,2002,2003",21.191455841064453,0.1343003362417221,0.9015070597330729
source,29,1.0,"2001,2002,2003",18.826021194458008,0.23783587912718454,0.7236613432566324
source,29,4.0,"2001,2002,2003",21.265633900960285,0.1503500590721766,0.7971391677856445
source,29,7.0,"2001,2002,2003",21.42837142944336,0.14728068312009177,0.7997111082077026
source,29,13.0,"2001,2002,2003",21.627044677734375,0.14309492210547128,0.8104438384373983
source,29,19.0,"2001,2002,2003",21.692616780598957,0.14142466088136038,0.8199248313903809
source,30,1.0,"2001,2002,2003",24.90041987101237,0.1996655911207199,0.8622479836146036
source,30,4.0,"2001,2002,2003",29.173776626586914,0.09117533266544342,0.9234166542689005
source,30,7.0,"2001,2002,2003",29.31601842244466,0.08801296601692836,0.9317431052525839
source,30,13.0,"2001,2002,2003",29.46393585205078,0.08535154908895493,0.9406797885894775
source,30,19.0,"2001,2002,2003",29.50494321187337,0.08441954106092453,0.9439606865247091
source,31,1.0,"2001,2002,2003",15.446015993754068,0.23525707920392355,0.8065795501073202
source,31,4.0,"2001,2002,2003",16.32199223836263,0.20632952451705933,0.8855167826016744
source,31,7.0,"2001,2002,2003",16.43254280090332,0.2059090038140615,0.8889891107877096
source,31,13.0,"2001,2002,2003",16.53820864359538,0.20480497678120932,0.8914255301157633
source,31,19.0,"2001,2002,2003",16.564202626546223,0.20461336274941763,0.8899724086125692
source,32,1.0,"2001,2002,2003",19.057591756184895,0.20558441678682962,0.9033838709195455
source,32,4.0,"2001,2002,2003",20.05236307779948,0.16927145918210348,0.918890913327535
source,32,7.0,"2001,2002,2003",20.261838912963867,0.16574630637963614,0.9240564505259196
source,32,13.0,"2001,2002,2003",20.493900299072266,0.1622269997994105,0.9314469297726949
source,32,19.0,"2001,2002,2003",20.566498438517254,0.16094650824864706,0.9357352455457052
source,33,1.0,"2001,2002,2003",18.478762944539387,0.22523728013038635,0.8026579221089681
source,33,4.0,"2001,2002,2003",20.067479451497395,0.16561658680438995,0.880842924118042
source,33,7.0,"2001,2002,2003",20.194018681844074,0.16447106997172037,0.8857404987017313
source,33,13.0,"2001,2002,2003",20.33252016703288,0.16389478743076324,0.8868605295817057
source,33,19.0,"2001,2002,2003",20.37378438313802,0.16353051861127219,0.8898309071858724
source,34,1.0,"2001,2002,2003",17.918981552124023,0.2320950577656428,0.7903186281522115
source,34,4.0,"2001,2002,2003",22.713532129923504,0.1187289332350095,0.8581621646881104
source,34,7.0,"2001,2002,2003",22.837687810262043,0.1160845011472702,0.8649282455444336
source,34,13.0,"2001,2002,2003",22.961795171101887,0.11293201645215352,0.8738898436228434
source,34,19.0,"2001,2002,2003",22.993989944458008,0.11213028679291408,0.8765368858973185
source,35,1.0,"2001,2002,2003",15.442404429117838,0.31707701086997986,0.7596739927927653
source,35,4.0,"2001,2002,2003",16.44225565592448,0.23429174721240997,0.8813751538594564
source,35,7.0,"2001,2002,2003",16.517594655354817,0.23287282387415567,0.8832778533299764
source,35,13.0,"2001,2002,2003",16.605653127034504,0.23182237644990286,0.886179526646932
source,35,19.0,"2001,2002,2003",16.631925582885742,0.23084711035092673,0.8873549103736877
source,36,1.0,"2001,2002,2003",19.834020614624023,0.19467931489149728,0.8108169237772623
source,36,4.0,"2001,2002,2003",23.001742680867512,0.12410237640142441,0.9035903215408325
source,36,7.0,"2001,2002,2003",23.15194574991862,0.12092820306619008,0.9097735484441122
source,36,13.0,"2001,2002,2003",23.323731740315754,0.11672468483448029,0.9129631121953329
source,36,19.0,"2001,2002,2003",23.376667022705078,0.11554224044084549,0.9119847019513448
source,37,1.0,"2001,2002,2003",18.66973050435384,0.22584923108418783,0.8567095200220743
source,37,4.0,"2001,2002,2003",22.741792678833008,0.12910972038904825,0.9088396231333414
source,37,7.0,"2001,2002,2003",22.99170748392741,0.1251212184627851,0.9117527008056641
source,37,13.0,"2001,2002,2003",23.52598762512207,0.11914044618606567,0.9136409958203634
source,37,19.0,"2001,2002,2003",23.70038668314616,0.11761909226576488,0.914948046207428
source,38,1.0,"2001,2002,2003",17.59066645304362,0.2934863517681758,0.8647745847702026
source,38,4.0,"2001,2002,2003",21.277819951375324,0.14353962242603302,0.945533275604248
source,38,7.0,"2001,2002,2003",21.468862533569336,0.13833347956339517,0.9464399814605713
source,38,13.0,"2001,2002,2003",21.683944702148438,0.1336696296930313,0.9472103714942932
source,38,19.0,"2001,2002,2003",21.754880905151367,0.13221904138724008,0.9474514325459799
source,39,1.0,"2001,2002,2003",15.095033645629883,0.3042922417322795,0.6613601644833883
source,39,4.0,"2001,2002,2003",18.635731379191082,0.17108405629793802,0.8435611327489217
source,39,7.0,"2001,2002,2003",18.801895141601562,0.16584619879722595,0.8422897060712179
source,39,13.0,"2001,2002,2003",18.99376169840495,0.16080790758132935,0.8364141384760538
source,39,19.0,"2001,2002,2003",19.057448705037434,0.1594402144352595,0.830327312151591
source,40,1.0,"2001,2002,2003",15.22973378499349,0.3187797963619232,0.8009871443112692
source,40,4.0,"2001,2002,2003",21.30081049601237,0.16268364588419595,0.9465313752492269
source,40,7.0,"2001,2002,2003",21.50428581237793,0.15574671824773154,0.9475867946942648
source,40,13.0,"2001,2002,2003",21.742271423339844,0.14734687407811484,0.9507855772972107
source,40,19.0,"2001,2002,2003",21.8244202931722,0.14454918106396994,0.95311971505483
source,41,1.0,"2001,2002,2003",19.58383560180664,0.1932843029499054,0.8419552445411682
source,41,4.0,"2001,2002,2003",23.29429308573405,0.1006992335120837,0.9379221200942993
source,41,7.0,"2001,2002,2003",23.45778465270996,0.09757657845815022,0.9403645396232605
source,41,13.0,"2001,2002,2003",23.635988235473633,0.09472561627626419,0.9427481293678284
source,41,19.0,"2001,2002,2003",23.69018046061198,0.09381221731503804,0.9433182676633199
source,42,1.0,"2001,2002,2003",17.383534749348957,0.23387992878754935,0.8171295523643494
source,42,4.0,"2001,2002,2003",19.404226303100586,0.15826388696829477,0.9165376027425131
source,42,7.0,"2001,2002,2003",19.565606435139973,0.15244263410568237,0.9189602931340536
source,42,13.0,"2001,2002,2003",19.778937021891277,0.14776316285133362,0.9203266898790995
source,42,19.0,"2001,2002,2003",19.824187596638996,0.14571909109751383,0.9202679594357809
source,43,1.0,"2001,2002,2003",15.3085724512736,0.26371801892916363,0.6252183119455973
source,43,4.0,"2001,2002,2003",18.843386967976887,0.16095796724160513,0.8835498491923014
source,43,7.0,"2001,2002,2003",18.974531173706055,0.15674575169881186,0.8803186813990275
source,43,13.0,"2001,2002,2003",19.148946126302082,0.1515031655629476,0.8820916811625162
source,43,19.0,"2001,2002,2003",19.215960184733074,0.14970462024211884,0.8840271234512329
source,44,1.0,"2001,2002,2003",21.48025131225586,0.2784859041372935,0.662848949432373
source,44,4.0,"2001,2002,2003",25.38086764017741,0.1332394927740097,0.8495670755704244
source,44,7.0,"2001,2002,2003",25.536649703979492,0.1304194579521815,0.8540817896525065
source,44,13.0,"2001,2002,2003",25.710276921590168,0.12789142628510794,0.8560303846995035
source,44,19.0,"2001,2002,2003",25.766765594482422,0.12675466140111288,0.8560669819513956
source,45,1.0,"2001,2002,2003",19.25450865427653,0.3059193640947342,0.6493114829063416
source,45,4.0,"2001,2002,2003",22.591101328531902,0.1694191793600718,0.8774304986000061
source,45,7.0,"2001,2002,2003",22.765310923258465,0.16521859665711722,0.8888621727625529
source,45,13.0,"2001,2002,2003",22.972296396891277,0.16032146414120993,0.9085872968037924
source,45,19.0,"2001,2002,2003",23.03715642293294,0.15896054605642954,0.9160507520039877
source,46,1.0,"2001,2002,2003",21.574081420898438,0.2333529144525528,0.7635923822720846
source,46,4.0,"2001,2002,2003",23.830238342285156,0.14389623204867044,0.8933244347572327
source,46,7.0,"2001,2002,2003",24.064385732014973,0.13975690305233002,0.9027634064356486
source,46,13.0,"2001,2002,2003",24.329496383666992,0.13471013804276785,0.9106186429659525
source,46,19.0,"2001,2002,2003",24.4179204305013,0.13303216298421225,0.9138771494229635
source,47,1.0,"2001,2002,2003",19.508629480997723,0.2037185082832972,0.7083754936854044
source,47,4.0,"2001,2002,2003",21.424500783284504,0.12979544699192047,0.8490187923113505
source,47,7.0,"2001,2002,2003",21.687407811482746,0.12477476398150127,0.8474320570627848
source,47,13.0,"2001,2002,2003",22.06573740641276,0.11907019466161728,0.8433600862820944
source,47,19.0,"2001,2002,2003",22.189708709716797,0.11704535037279129,0.8478402694066366
source,48,1.0,"2001,2002,2003",15.264555931091309,0.23723207414150238,0.8427465558052063
source,48,4.0,"2001,2002,2003",19.363662083943684,0.12723307808240256,0.9265771309534708
source,48,7.0,"2001,2002,2003",19.563137690226238,0.12353673328955968,0.9317302505175272
source,48,13.0,"2001,2002,2003",19.783801396687824,0.11904621124267578,0.9392892916997274
source,48,19.0,"2001,2002,2003",19.852861404418945,0.11841875066359837,0.9420828819274902
source,49,1.0,"2001,2002,2003",18.768028259277344,0.22483955323696136,0.722654382387797
source,49,4.0,"2001,2002,2003",20.62327512105306,0.14509337643782297,0.871781607468923
source,49,7.0,"2001,2002,2003",20.815497080485027,0.14160836239655814,0.8778849442799886
source,49,13.0,"2001,2002,2003",21.029659907023113,0.13818050424257913,0.8790889978408813
source,49,19.0,"2001,2002,2003",21.1020024617513,0.13649162650108337,0.8783360918362936
source,50,1.0,"2001,2002,2003",17.17022641499837,0.2149771898984909,0.71293772260348
source,50,4.0,"2001,2002,2003",19.170090357462566,0.14749185740947723,0.7644076148668925
source,50,7.0,"2001,2002,2003",19.44737497965495,0.1411538670460383,0.7825724681218466
source,50,13.0,"2001,2002,2003",19.78045908610026,0.1347676416238149,0.7717278003692627
source,50,19.0,"2001,2002,2003",19.880608876546223,0.13274802267551422,0.7671805421511332
source,51,1.0,"2001,2002,2003",17.318944295247395,0.2951698998610179,0.7776006062825521
source,51,4.0,"2001,2002,2003",21.343786875406902,0.172385444243749,0.9273045063018799
source,51,7.0,"2001,2002,2003",21.528984705607098,0.16705981890360513,0.9323063492774963
source,51,13.0,"2001,2002,2003",21.741771697998047,0.16201774775981903,0.9386242628097534
source,51,19.0,"2001,2002,2003",21.809770584106445,0.16122088332970938,0.9403947591781616
source,52,1.0,"2001,2002,2003",16.46177101135254,0.250153124332428,0.8944679299990336
source,52,4.0,"2001,2002,2003",18.310874938964844,0.14545954763889313,0.963039775689443
source,52,7.0,"2001,2002,2003",18.511103947957356,0.14274491866429648,0.9639042218526205
source,52,13.0,"2001,2002,2003",18.730976740519207,0.1401348610719045,0.9643706679344177
source,52,19.0,"2001,2002,2003",18.794223149617512,0.1390873591105143,0.9642113844553629
source,53,1.0,"2001,2002,2003",16.201456387837727,0.2712894727786382,0.7378307978312174
source,53,4.0,"2001,2002,2003",19.42930285135905,0.16819358368714651,0.8850946029027303
source,53,7.0,"2001,2002,2003",19.58574040730794,0.16271782914797464,0.8870246211687723
source,53,13.0,"2001,2002,2003",19.716887791951496,0.16123588879903158,0.8903562227884928
source,53,19.0,"2001,2002,2003",19.744761784871418,0.16253877679506937,0.8947259386380514
source,54,1.0,"2001,2002,2003",14.891976674397787,0.29515137275060016,0.6814735333124796
source,54,4.0,"2001,2002,2003",23.274909337361652,0.08122891436020534,0.9226527015368143
source,54,7.0,"2001,2002,2003",23.522831598917644,0.07949392249186833,0.9254148999849955
source,54,13.0,"2001,2002,2003",23.785348892211914,0.07742577542861302,0.9260798295338949
source,54,19.0,"2001,2002,2003",23.86332829793294,0.07688890894254048,0.9251933495203654
source,55,1.0,"2001,2002,2003",17.822821935017902,0.20583433409531912,0.8958358565966288
source,55,4.0,"2001,2002,2003",19.34912045796712,0.15573154389858246,0.9125677545865377
source,55,7.0,"2001,2002,2003",19.49223264058431,0.15264533460140228,0.9125492771466573
source,55,13.0,"2001,2002,2003",19.70213572184245,0.14765124519666037,0.9056376218795776
source,55,19.0,"2001,2002,2003",19.764755884806316,0.1465678612391154,0.9002245465914408
source,56,1.0,"2001,2002,2003",21.506222407023113,0.12909670174121857,0.8982923030853271
source,56,4.0,"2001,2002,2003",28.503834406534832,0.01825496492286523,0.9839800198872884
source,56,7.0,"2001,2002,2003",28.713757197062176,0.01727716935177644,0.9840678572654724
source,56,13.0,"2001,2002,2003",28.96767298380534,0.016351535295446713,0.9841335415840149
source,56,19.0,"2001,2002,2003",29.05671564737956,0.015968895827730496,0.9843632578849792
source,57,1.0,"2001,2002,2003",19.5535790125529,0.19879411657651266,0.6644931038220724
source,57,4.0,"2001,2002,2003",28.668162663777668,0.038825596372286476,0.9774646560351054
source,57,7.0,"2001,2002,2003",28.85156186421712,0.03748156875371933,0.978597362836202
source,57,13.0,"2001,2002,2003",29.06571388244629,0.0361034261683623,0.9799374938011169
source,57,19.0,"2001,2002,2003",29.137617746988933,0.035818371921777725,0.9807776610056559
source,58,1.0,"2001,2002,2003",11.531320889790853,0.3798420528570811,0.3701414316892624
source,58,4.0,"2001,2002,2003",25.56043879191081,0.039291360725959144,0.9587775468826294
source,58,7.0,"2001,2002,2003",25.7532533009847,0.03853259732325872,0.9600967764854431
source,58,13.0,"2001,2002,2003",25.973368326822918,0.0378268671532472,0.9620000521341959
source,58,19.0,"2001,2002,2003",26.035629272460938,0.03747292856375376,0.962859570980072
source,59,1.0,"2001,2002,2003",13.278855005900065,0.296362300713857,0.469788392384847
source,59,4.0,"2001,2002,2003",23.235323588053387,0.057535815984010696,0.9146758913993835
source,59,7.0,"2001,2002,2003",23.499257405598957,0.055065142611662544,0.9207389950752258
source,59,13.0,"2001,2002,2003",23.845672607421875,0.051622786869605385,0.928842306137085
source,59,19.0,"2001,2002,2003",23.974971135457356,0.05036041637261709,0.9308245182037354
source,60,1.0,"2001,2002,2003",14.630099614461264,0.2793649484713872,0.8540162642796835
source,60,4.0,"2001,2002,2003",16.068034489949543,0.2045606722434362,0.9080174167950948
source,60,7.0,"2001,2002,2003",16.296547571818035,0.1992570459842682,0.9158921241760254
source,60,13.0,"2001,2002,2003",16.49517313639323,0.19469945629437765,0.9203764398892721
source,60,19.0,"2001,2002,2003",16.553394953409832,0.1933073103427887,0.9211005171140035
source,61,1.0,"2001,2002,2003",15.714584032694498,0.3670477072397868,0.5141910115877787
source,61,4.0,"2001,2002,2003",23.116267522176106,0.08748368422190349,0.9275810519854227
source,61,7.0,"2001,2002,2003",23.291296005249023,0.08391470958789189,0.9284773270289103
source,61,13.0,"2001,2002,2003",23.48951594034831,0.08084762593110402,0.9314463337262472
source,61,19.0,"2001,2002,2003",23.54809061686198,0.07991187522808711,0.933500607808431
source,62,1.0,"2001,2002,2003",19.495160420735676,0.20834565162658691,0.9067269364992777
source,62,4.0,"2001,2002,2003",22.48508071899414,0.13156403104464212,0.9269802371660868
source,62,7.0,"2001,2002,2003",22.65122413635254,0.12791663159926733,0.9306531747182211
source,62,13.0,"2001,2002,2003",22.824759165445965,0.12484051783879598,0.9370366732279459
source,62,19.0,"2001,2002,2003",22.8724308013916,0.12439909080664317,0.9389217694600424
source,63,1.0,"2001,2002,2003",17.212958653767902,0.2876294255256653,0.7686840097109476
source,63,4.0,"2001,2002,2003",21.372419993082683,0.15924125413099924,0.892858107884725
source,63,7.0,"2001,2002,2003",21.55527178446452,0.154618039727211,0.904184619585673
source,63,13.0,"2001,2002,2003",21.77552096048991,0.15071073174476624,0.9147652586301168
source,63,19.0,"2001,2002,2003",21.85945765177409,0.14970088998476663,0.9165311654408773
source,64,1.0,"2001,2002,2003",21.538719813028973,0.2254660725593567,0.8468259970347086
source,64,4.0,"2001,2002,2003",23.272987365722656,0.17261357605457306,0.8456352353096008
source,64,7.0,"2001,2002,2003",23.42612139383952,0.17042613526185355,0.8542566100756327
source,64,13.0,"2001,2002,2003",23.608489990234375,0.16781485080718994,0.8689327637354533
source,64,19.0,"2001,2002,2003",23.66069984436035,0.1664523333311081,0.8772516250610352
source,65,1.0,"2001,2002,2003",21.233254114786785,0.18039213617642721,0.8670729001363119
source,65,4.0,"2001,2002,2003",24.67607816060384,0.08826461434364319,0.9273718198140463
source,65,7.0,"2001,2002,2003",24.912047068277996,0.08414360632499059,0.9274908304214478
source,65,13.0,"2001,2002,2003",25.189310709635418,0.08132415513197581,0.9266536235809326
source,65,19.0,"2001,2002,2003",25.290483474731445,0.08065955340862274,0.9258849024772644
source,66,1.0,"2001,2002,2003",20.362492243448894,0.24918205042680105,0.7941177686055502
source,66,4.0,"2001,2002,2003",26.51955731709798,0.08971802145242691,0.9124166568120321
source,66,7.0,"2001,2002,2003",26.62517738342285,0.08752848207950592,0.9188176194826762
source,66,13.0,"2001,2002,2003",26.736767450968426,0.08577290674050649,0.9252733985582987
source,66,19.0,"2001,2002,2003",26.768156051635742,0.08521158496538798,0.9268860022226969
source,67,1.0,"2001,2002,2003",22.072036743164062,0.2051289180914561,0.8743383487065634
source,67,4.0,"2001,2002,2003",24.79284922281901,0.15136992931365967,0.9189342856407166
source,67,7.0,"2001,2002,2003",24.927981694539387,0.14755557477474213,0.9215342203776041
source,67,13.0,"2001,2002,2003",25.08448600769043,0.1432880014181137,0.9218575358390808
source,67,19.0,"2001,2002,2003",25.134876887003582,0.14185412228107452,0.922765870889028
source,68,1.0,"2001,2002,2003",16.041012446085613,0.2760572036107381,0.7190974354743958
source,68,4.0,"2001,2002,2003",19.02623176574707,0.1513172189394633,0.8612558046976725
source,68,7.0,"2001,2002,2003",19.22979164123535,0.14649827281634012,0.8674792846043905
source,68,13.0,"2001,2002,2003",19.466388702392578,0.1398672709862391,0.8728959957758585
source,68,19.0,"2001,2002,2003",19.54771614074707,0.13791200518608093,0.8752172787984213
source,69,1.0,"2001,2002,2003",17.55605411529541,0.2758642981449763,0.6628007491429647
source,69,4.0,"2001,2002,2003",23.348997116088867,0.1460422029097875,0.9089059432347616
source,69,7.0,"2001,2002,2003",23.532540639241535,0.14089812835057577,0.9083810647328695
source,69,13.0,"2001,2002,2003",23.763703028361004,0.13495432833830515,0.9034371773401896
source,69,19.0,"2001,2002,2003",23.85247739156087,0.13271431624889374,0.9004024664560953
source,70,1.0,"2001,2002,2003",21.767040252685547,0.3184381276369095,0.6557134290536245
source,70,4.0,"2001,2002,2003",28.902388254801433,0.09112530201673508,0.9639084140459696
source,70,7.0,"2001,2002,2003",29.04927126566569,0.08890158434708913,0.9642533858617147
source,70,13.0,"2001,2002,2003",29.24109713236491,0.08642816295226415,0.9642290274302164
source,70,19.0,"2001,2002,2003",29.321756998697918,0.08537508795658748,0.9648088614145914
source,71,1.0,"2001,2002,2003",16.435021082560223,0.26477615038553876,0.7756576736768087
source,71,4.0,"2001,2002,2003",17.86497751871745,0.18801885843276978,0.8651502927144369
source,71,7.0,"2001,2002,2003",18.088734944661457,0.182850643992424,0.8731478055318197
source,71,13.0,"2001,2002,2003",18.349939346313477,0.1778139521678289,0.8830160101254781
source,71,19.0,"2001,2002,2003",18.433600107828777,0.17604012290636697,0.8878876368204752
source,72,1.0,"2001,2002,2003",16.4716895421346,0.3396565914154053,0.709921399752299
source,72,4.0,"2001,2002,2003",21.292821248372395,0.17886057992776236,0.8841767112414042
source,72,7.0,"2001,2002,2003",21.42984135945638,0.1774627367655436,0.8808662096659342
source,72,13.0,"2001,2002,2003",21.566668192545574,0.17647045850753784,0.8751598596572876
source,72,19.0,"2001,2002,2003",21.602741241455078,0.1759468913078308,0.8735326528549194
source,73,1.0,"2001,2002,2003",17.833159764607746,0.31194332242012024,0.76197749376297
source,73,4.0,"2001,2002,2003",25.966660181681316,0.12522375086943308,0.914282480875651
source,73,7.0,"2001,2002,2003",26.13037872314453,0.12021408975124359,0.9173193573951721
source,73,13.0,"2001,2002,2003",26.287216822306316,0.11512455095847447,0.9208009839057922
source,73,19.0,"2001,2002,2003",26.32325490315755,0.11333276331424713,0.9217553536097208
source,74,1.0,"2001,2002,2003",23.972713470458984,0.1444010188182195,0.7919798692067465
source,74,4.0,"2001,2002,2003",27.602785110473633,0.044127821922302246,0.9384414553642273
source,74,7.0,"2001,2002,2003",27.735148747762043,0.04358000184098879,0.938967247804006
source,74,13.0,"2001,2002,2003",27.887306213378906,0.0428713820874691,0.9402490655581156
source,74,19.0,"2001,2002,2003",27.93814977010091,0.042648158967494965,0.9404422044754028
source,75,1.0,"2001,2002,2003",18.18464724222819,0.17324631412823996,0.870728075504303
source,75,4.0,"2001,2002,2003",18.82318051656087,0.150787482659022,0.9126657843589783
source,75,7.0,"2001,2002,2003",18.934174219767254,0.14834206799666086,0.9148863554000854
source,75,13.0,"2001,2002,2003",19.063674290974934,0.1452354590098063,0.9161000450452169
source,75,19.0,"2001,2002,2003",19.108054478963215,0.1445901890595754,0.9155000448226929
source,76,1.0,"2001,2002,2003",16.588646570841473,0.27741971611976624,0.8300907015800476
source,76,4.0,"2001,2002,2003",19.765846252441406,0.19280337790648142,0.9049594402313232
source,76,7.0,"2001,2002,2003",19.906848907470703,0.18819129963715872,0.9046530326207479
source,76,13.0,"2001,2002,2003",20.075716018676758,0.18234571814537048,0.9021758437156677
source,76,19.0,"2001,2002,2003",20.133277893066406,0.1806266357501348,0.9013775587081909
source,77,1.0,"2001,2002,2003",16.1961727142334,0.24921825031439462,0.8217837611834208
source,77,4.0,"2001,2002,2003",19.854605356852215,0.15462704002857208,0.8274761438369751
source,77,7.0,"2001,2002,2003",20.01955286661784,0.15274037917455038,0.8319711883862814
source,77,13.0,"2001,2002,2003",20.213250478108723,0.1519369681676229,0.8390524586041769
source,77,19.0,"2001,2002,2003",20.28080113728841,0.15198054909706116,0.8429719010988871
source,78,1.0,"2001,2002,2003",16.048455238342285,0.28727121154467267,0.7603591481844584
source,78,4.0,"2001,2002,2003",18.48676872253418,0.2064418395360311,0.9354480107625326
source,78,7.0,"2001,2002,2003",18.637598037719727,0.20445839564005533,0.9371124704678854
source,78,13.0,"2001,2002,2003",18.80987803141276,0.20200345913569132,0.9375041127204895
source,78,19.0,"2001,2002,2003",18.86504618326823,0.20326086382071176,0.9377520879109701
source,79,1.0,"2001,2002,2003",13.716493924458822,0.26375507563352585,0.7430579463640848
source,79,4.0,"2001,2002,2003",19.449209213256836,0.09255342185497284,0.9012143611907959
source,79,7.0,"2001,2002,2003",19.651174545288086,0.08936712642510732,0.9077321887016296
source,79,13.0,"2001,2002,2003",19.901438395182293,0.08530871818463008,0.9144191741943359
source,79,19.0,"2001,2002,2003",19.998557408650715,0.08363622923692067,0.9157145222028097
source,80,1.0,"2001,2002,2003",15.327446619669596,0.33114146689573926,0.6791276236375173
source,80,4.0,"2001,2002,2003",19.28576914469401,0.21514774858951569,0.8731250365575155
source,80,7.0,"2001,2002,2003",19.448362986246746,0.20836626489957175,0.8790615200996399
source,80,13.0,"2001,2002,2003",19.658531188964844,0.20090648531913757,0.8818638324737549
source,80,19.0,"2001,2002,2003",19.73936653137207,0.1973205159107844,0.8809729417165121
source,81,1.0,"2001,2002,2003",17.841981569925945,0.2670188744862874,0.7310524582862854
source,81,4.0,"2001,2002,2003",21.105382283528645,0.1558681627114614,0.8619771202405294
source,81,7.0,"2001,2002,2003",21.309011459350586,0.15100002785523733,0.8655931949615479
source,81,13.0,"2001,2002,2003",21.554566701253254,0.14584709703922272,0.8672242164611816
source,81,19.0,"2001,2002,2003",21.639382044474285,0.1437249630689621,0.8658086061477661
source,82,1.0,"2001,2002,2003",17.260332743326824,0.2642055153846741,0.7545423905054728
source,82,4.0,"2001,2002,2003",19.427741368611652,0.19786806404590607,0.8154828945795695
source,82,7.0,"2001,2002,2003",19.585498174031574,0.19314293066660562,0.8217825094858805
source,82,13.0,"2001,2002,2003",19.754292805989582,0.18834551672140756,0.835979700088501
source,82,19.0,"2001,2002,2003",19.801379521687824,0.18660270671049753,0.8387870391209921
source,83,1.0,"2001,2002,2003",20.2454408009847,0.20942215621471405,0.8505986332893372
source,83,4.0,"2001,2002,2003",21.670019785563152,0.14772972464561462,0.8963412642478943
source,83,7.0,"2001,2002,2003",21.85239855448405,0.14115217328071594,0.905532956123352
source,83,13.0,"2001,2002,2003",22.057911554972332,0.13347937166690826,0.9155861536661783
source,83,19.0,"2001,2002,2003",22.124688466389973,0.1312944491704305,0.917989452679952
source,84,1.0,"2001,2002,2003",20.497399012247723,0.2384350746870041,0.6956083575884501
source,84,4.0,"2001,2002,2003",21.56505839029948,0.17902830243110657,0.8617485960324606
source,84,7.0,"2001,2002,2003",21.659676869710285,0.17368252575397491,0.8666878143946329
source,84,13.0,"2001,2002,2003",21.754477818806965,0.1684686839580536,0.8525899648666382
source,84,19.0,"2001,2002,2003",21.7704340616862,0.1670271853605906,0.8402936657269796
source,85,1.0,"2001,2002,2003",17.02974541982015,0.2770165155331294,0.7343888481458029
source,85,4.0,"2001,2002,2003",20.254313786824543,0.14273891349633536,0.9534046848615011
source,85,7.0,"2001,2002,2003",20.541351954142254,0.13878080745538077,0.9542481899261475
source,85,13.0,"2001,2002,2003",20.84622319539388,0.1352442999680837,0.9596539735794067
source,85,19.0,"2001,2002,2003",20.93280792236328,0.13345131278038025,0.962108830610911
source,86,1.0,"2001,2002,2003",20.156378428141277,0.1682209720214208,0.9405289093653361
source,86,4.0,"2001,2002,2003",23.534666061401367,0.10802470644315083,0.97091672817866
source,86,7.0,"2001,2002,2003",23.804309844970703,0.1028224527835846,0.9719589749972025
source,86,13.0,"2001,2002,2003",24.118523915608723,0.09693009406328201,0.9740045070648193
source,86,19.0,"2001,2002,2003",24.214261372884113,0.09478508432706197,0.9749747316042582
source,87,1.0,"2001,2002,2003",16.72283871968587,0.253052959839503,0.7880280017852783
source,87,4.0,"2001,2002,2003",21.210352579752605,0.12095050017038982,0.9369207223256429
source,87,7.0,"2001,2002,2003",21.480069478352863,0.11765245844920476,0.936705489953359
source,87,13.0,"2001,2002,2003",21.775257746378582,0.11345672607421875,0.9395751555760702
source,87,19.0,"2001,2002,2003",21.86801592508952,0.11203269163767497,0.9402286211649576
source,88,1.0,"2001,2002,2003",15.232741991678873,0.3444067786137263,0.4699586033821106
source,88,4.0,"2001,2002,2003",18.846837997436523,0.1815140942732493,0.9247459173202515
source,88,7.0,"2001,2002,2003",19.056147893269856,0.1759636551141739,0.9288601875305176
source,88,13.0,"2001,2002,2003",19.28969955444336,0.1694779247045517,0.9328731298446655
source,88,19.0,"2001,2002,2003",19.364512125651043,0.1670853445927302,0.9322378834088644
source,89,1.0,"2001,2002,2003",18.221336364746094,0.2310773233572642,0.8675335248311361
source,89,4.0,"2001,2002,2003",20.955975850423176,0.16714780032634735,0.9145857890446981
source,89,7.0,"2001,2002,2003",21.173002243041992,0.16207191348075867,0.9185132185618082
source,89,13.0,"2001,2002,2003",21.407289505004883,0.1562930295864741,0.9222877621650696
source,89,19.0,"2001,2002,2003",21.475316365559895,0.15458047886689505,0.9249367912610372
source,90,1.0,"2001,2002,2003",15.116180737813314,0.3793083031972249,0.5180233319600424
source,90,4.0,"2001,2002,2003",18.953646341959637,0.21096730728944144,0.7795421481132507
source,90,7.0,"2001,2002,2003",19.149607976277668,0.20448744297027588,0.797692875067393
source,90,13.0,"2001,2002,2003",19.38418706258138,0.19761650760968527,0.8096935153007507
source,90,19.0,"2001,2002,2003",19.47888437906901,0.19535755614439645,0.8081265091896057
source,91,1.0,"2001,2002,2003",15.653749465942383,0.2680342694123586,0.6802694002787272
source,91,4.0,"2001,2002,2003",18.96698061625163,0.18377132217089334,0.7739590207735697
source,91,7.0,"2001,2002,2003",19.240503311157227,0.1811818132797877,0.7738406856854757
source,91,13.0,"2001,2002,2003",19.578820546468098,0.17868882417678833,0.7768832445144653
source,91,19.0,"2001,2002,2003",19.633113225301106,0.17854538559913635,0.7830678423245748
source,92,1.0,"2001,2002,2003",15.198148409525553,0.37419167160987854,0.6884676814079285
source,92,4.0,"2001,2002,2003",18.395100275675457,0.20293901364008585,0.8826931317647299
source,92,7.0,"2001,2002,2003",18.49057388305664,0.19935994346936545,0.8863886992136637
source,92,13.0,"2001,2002,2003",18.590283075968426,0.19448137283325195,0.8886105219523112
source,92,19.0,"2001,2002,2003",18.616247177124023,0.19315338631471,0.88935786485672
source,93,1.0,"2001,2002,2003",18.529996236165363,0.22854354977607727,0.8724335233370463
source,93,4.0,"2001,2002,2003",23.88525390625,0.09877747297286987,0.9406621257464091
source,93,7.0,"2001,2002,2003",24.132238388061523,0.09414949019749959,0.9437779982884725
source,93,13.0,"2001,2002,2003",24.423608144124348,0.08992502590020497,0.948034942150116
source,93,19.0,"2001,2002,2003",24.526557286580402,0.08875047912200291,0.9498910903930664
source,94,1.0,"2001,2002,2003",19.270804087320965,0.21709088484446207,0.7848423520723978
source,94,4.0,"2001,2002,2003",23.10599199930827,0.10872942705949147,0.909186323483785
source,94,7.0,"2001,2002,2003",23.321870803833008,0.10441024353106816,0.9107633630434672
source,94,13.0,"2001,2002,2003",23.59353510538737,0.09918750574191411,0.9109467466672262
source,94,19.0,"2001,2002,2003",23.70017941792806,0.09708371758460999,0.9092840949694315
source,95,1.0,"2001,2002,2003",16.636868158976238,0.20719374219576517,0.8068229158719381
source,95,4.0,"2001,2002,2003",19.635597864786785,0.14415813982486725,0.8946762482325236
source,95,7.0,"2001,2002,2003",19.84994379679362,0.14016212026278177,0.9071640570958456
source,95,13.0,"2001,2002,2003",20.112544377644856,0.13420045375823975,0.9228989283243815
source,95,19.0,"2001,2002,2003",20.20503044128418,0.13168718417485556,0.9289358059565226
source,96,1.0,"2001,2002,2003",22.09153175354004,0.18822805086771646,0.8726971944173177
source,96,4.0,"2001,2002,2003",25.474966684977215,0.12424855927626292,0.957689126332601
source,96,7.0,"2001,2002,2003",25.60486666361491,0.12010574589173,0.9573916991551717
source,96,13.0,"2001,2002,2003",25.770492553710938,0.11485471576452255,0.9568244218826294
source,96,19.0,"2001,2002,2003",25.836734771728516,0.11312385896841685,0.9570889472961426
source,97,1.0,"2001,2002,2003",17.0298334757487,0.3048486610253652,0.6682354013125101
source,97,4.0,"2001,2002,2003",17.896907170613606,0.2520313362280528,0.758796751499176
source,97,7.0,"2001,2002,2003",17.991092046101887,0.24786089857419333,0.7622061371803284
source,97,13.0,"2001,2002,2003",18.095813115437824,0.24236948788166046,0.7602587540944418
source,97,19.0,"2001,2002,2003",18.131433486938477,0.24036317070325217,0.7531237403551737
source,98,1.0,"2001,2002,2003",15.771471659342447,0.2836748758951823,0.772683322429657
source,98,4.0,"2001,2002,2003",20.94689114888509,0.11313105374574661,0.8857589364051819
source,98,7.0,"2001,2002,2003",21.22637430826823,0.10887314627567928,0.8878842989603678
source,98,13.0,"2001,2002,2003",21.556882858276367,0.10417155424753825,0.8914626439412435
source,98,19.0,"2001,2002,2003",21.675037384033203,0.10282805065313975,0.8922777970631918
source,99,1.0,"2001,2002,2003",16.361378987630207,0.26620609561602276,0.7964383562405905
source,99,4.0,"2001,2002,2003",19.303490320841473,0.16208366552988687,0.8515933156013489
source,99,7.0,"2001,2002,2003",19.65901819864909,0.15622486670811972,0.8571067452430725
source,99,13.0,"2001,2002,2003",20.08882713317871,0.14861059188842773,0.8634459376335144
source,99,19.0,"2001,2002,2003",20.25611623128255,0.14546683927377066,0.8645931084950765
